PRAGMA foreign_keys=OFF;
BEGIN TRANSACTION;
ANALYZE sqlite_master;
CREATE TABLE owner (
    id INTEGER NOT NULL,
    lot INTEGER NOT NULL,
    first TEXT,
    mi TEXT,
    last TEXT,
    first_2 TEXT,
    mi_2 TEXT,
    last_2 TEXT,
    address TEXT,
    city TEXT,
    state TEXT,
    zip TEXT,
    phone TEXT,
    email TEXT,
    phone_2 TEXT,
    email_2 TEXT, buy_date INTEGER, sell_date INTEGER, is_current INTEGER,
    PRIMARY KEY(id)
);
INSERT INTO owner VALUES(1,1,'','','HUD (Foreclosure)','','','','3241 Windwood Trails Drive','Saint Peters','MO','63303',NULL,'',NULL,NULL,20110922,20120329,0);
INSERT INTO owner VALUES(2,1,'Fred','','Colley','Laura','E','Colley','3241 Windwood Trails Drive','Saint Peters','MO','63303',NULL,'fred_colley@yahoo.com',NULL,NULL,20110922,NULL,1);
INSERT INTO owner VALUES(3,1,'Mark','B','Boudreaux','','','','3241 Windwood Trails Drive','Saint Peters','MO','63303',NULL,'',NULL,NULL,19900101,20110922,0);
INSERT INTO owner VALUES(4,2,'Janice','L','Wing','','','','3245 Windwood Trails Drive','Saint Peters','MO','63303',NULL,'kwing356@yahoo.com',NULL,NULL,20110331,NULL,1);
INSERT INTO owner VALUES(5,2,'Renee','','Hill','','','','3245 Windwood Trails Drive','Saint Peters','MO','63303',NULL,'kwing356@yahoo.com',NULL,NULL,19900101,20040507,0);
INSERT INTO owner VALUES(6,2,'Ryan','','Keck','Lorene','','Meyer','3245 Windwood Trails Drive','Saint Peters','MO','63303',NULL,'kwing356@yahoo.com',NULL,NULL,20040507,20110331,0);
INSERT INTO owner VALUES(7,3,'Francisco','','Delapaz','','','','3249 Windwood Trails Drive','Saint Peters','MO','63303',NULL,NULL,NULL,NULL,19900101,NULL,1);
INSERT INTO owner VALUES(8,4,'Donald','R','McGuire','Michelle','','McGuire','1148 Monza Drive','Saint Peters','MO','63303',NULL,'mdmcguire@sbcglobal.net',NULL,NULL,19900101,NULL,1);
INSERT INTO owner VALUES(9,5,'Aamir','','Salaria','Susan','A','Salaria','1153 Monza Drive','Saint Peters','MO','63303',NULL,NULL,NULL,NULL,20070905,NULL,0);
INSERT INTO owner VALUES(10,5,'Yvonne','M','Robinson','','','','1153 Monza Drive','Saint Peters','MO','63303',NULL,NULL,NULL,NULL,19900101,NULL,0);
INSERT INTO owner VALUES(11,6,'Martin','','Tesson','','','','1157 Monza Drive','Saint Peters','MO','63303',NULL,NULL,NULL,NULL,20081216,NULL,1);
INSERT INTO owner VALUES(12,6,'Travis','','Renner','','','','1157 Monza Drive','Saint Peters','MO','63303',NULL,NULL,NULL,NULL,20030103,20081216,0);
INSERT INTO owner VALUES(13,7,'Jeffery','R','Arle','Karen','E','Arle','1161 Monza Drive','Saint Peters','MO','63303',NULL,NULL,NULL,NULL,19900101,NULL,1);
INSERT INTO owner VALUES(14,8,'Joshua','','McClure','Sabrina','','McClure','1165 Monza Drive','Saint Peters','MO','63303',NULL,NULL,NULL,NULL,20051028,NULL,0);
INSERT INTO owner VALUES(15,8,'Joel','O','Hackstadt','','','','1165 Monza Drive','Saint Peters','MO','63303',NULL,NULL,NULL,NULL,20090528,NULL,1);
INSERT INTO owner VALUES(16,8,'Marilyn','K','Beck','','','','1165 Monza Drive','Saint Peters','MO','63303',NULL,NULL,NULL,NULL,19900101,20051028,0);
INSERT INTO owner VALUES(17,8,'','','Cody Properties LLC','','','','1165 Monza Drive','Saint Peters','MO','63303',NULL,NULL,NULL,NULL,NULL,20090528,0);
INSERT INTO owner VALUES(18,9,'Harold','E','Kunze','Edna','Lee','Kunze','1169 Monza Drive','Saint Peters','MO','63303',NULL,NULL,NULL,NULL,20050519,NULL,1);
INSERT INTO owner VALUES(19,9,'Devin','','Johnson','Amy','','Johnson','1169 Monza Drive','Saint Peters','MO','63303',NULL,NULL,NULL,NULL,19900101,20050519,0);
INSERT INTO owner VALUES(20,10,'Robert','','Martin','Annette','','Martin','1173 Monza Drive','Saint Peters','MO','63303',NULL,'ruger@att.net',NULL,NULL,20070430,NULL,1);
INSERT INTO owner VALUES(21,10,'Joseph','C','Knarr','Dlaudia','','Knarr','1173 Monza Drive','Saint Peters','MO','63303',NULL,'ruger@att.net',NULL,NULL,19900101,20070430,0);
INSERT INTO owner VALUES(22,11,'Karen','A','Vossenkemper','','','','1177 Monza Drive','Saint Peters','MO','63303',NULL,'vossenkemperkaren2@gmail.com',NULL,NULL,19900101,NULL,1);
INSERT INTO owner VALUES(23,12,'Rena','Sue','Carman','','','','1181 Monza Drive','Saint Peters','MO','63303',NULL,NULL,NULL,NULL,19990101,NULL,0);
INSERT INTO owner VALUES(24,13,'Thomas','P','Downing','','','','6209 Mid Rivers Mall Dr Suite 181','Saint Charles','MO','63304',NULL,NULL,NULL,NULL,19900101,NULL,1);
INSERT INTO owner VALUES(25,14,'Ruth','L','Perryman','','','','1176 Monza Drive','Saint Peters','MO','63303',NULL,NULL,NULL,NULL,19900101,NULL,1);
INSERT INTO owner VALUES(26,15,'Jamie','','Johnson','','','','1172 Monza Drive','Saint Peters','MO','63303',NULL,NULL,NULL,NULL,20111004,NULL,1);
INSERT INTO owner VALUES(27,15,'Neil','R','Baldwin','','','','1172 Monza Drive','Saint Peters','MO','63303',NULL,NULL,NULL,NULL,20070326,NULL,0);
INSERT INTO owner VALUES(28,15,'Michael','W','Jackson','','','','1172 Monza Drive','Saint Peters','MO','63303',NULL,NULL,NULL,NULL,19900101,20070326,0);
INSERT INTO owner VALUES(29,16,'Enrico','','Baysic','','','','1168 Monza Drive','Saint Peters','MO','63303',NULL,NULL,NULL,NULL,19900101,NULL,1);
INSERT INTO owner VALUES(30,17,'Vester','','Adams','Joyce','M','Adams','1164 Monza Drive','Saint Peters','MO','63303',NULL,'jmadams1042@sbcglobal.net',NULL,NULL,19900101,NULL,1);
INSERT INTO owner VALUES(31,18,'Harry','L','Eggleston','Doris','D','Eggleston','1160 Monza Drive','Saint Peters','MO','63303','636-441-1910',NULL,NULL,NULL,19900101,NULL,1);
INSERT INTO owner VALUES(32,19,'Herbert','S','Parks','Paula','S','Parks','3244 Windwood Trails Drive','Saint Peters','MO','63303',NULL,NULL,NULL,NULL,20061029,NULL,1);
INSERT INTO owner VALUES(33,19,'Mark','L','Dawson','Jayne','S','Dawson','3244 Windwood Trails Drive','Saint Peters','MO','63303',NULL,NULL,NULL,NULL,19900101,20061029,0);
INSERT INTO owner VALUES(34,20,'Steven','R','Ziegler','Christine','M','Ziegler','3240 Windwood Trails Drive','Saint Peters','MO','63303',NULL,NULL,NULL,NULL,19900101,NULL,1);
INSERT INTO owner VALUES(35,21,'Dennis','D','Slover','','','','3284 Hyatt Court','Saint Peters','MO','63303',NULL,'denny2000@gmail.com',NULL,NULL,20091005,NULL,1);
INSERT INTO owner VALUES(36,21,'Donna','T','Jordan','','','','3284 Hyatt Court','Saint Peters','MO','63303',NULL,'',NULL,NULL,20030807,20091005,0);
INSERT INTO owner VALUES(37,22,'Edward','Stanley','Muckerman','Deborah','Ann','Muckerman','3282 Hyatt Court','Saint Peters','MO','63303',NULL,'debsmuckerman@gmail.com',NULL,NULL,19900101,NULL,1);
INSERT INTO owner VALUES(38,23,'Randy','K','Calhoun','Lisa','M','Calhoun','3280 Hyatt Court','Saint Peters','MO','63303',NULL,'rlja89@aol.com',NULL,NULL,19900101,NULL,1);
INSERT INTO owner VALUES(39,24,'Randy','W','Martin','Kelly','A','Martin','3278 Hyatt Court','Saint Peters','MO','63303',NULL,NULL,NULL,NULL,19900101,NULL,1);
INSERT INTO owner VALUES(40,25,'Michael','J','Williams','','','','3276 Hyatt Court','Saint Peters','MO','63303',NULL,NULL,NULL,NULL,20100611,NULL,1);
INSERT INTO owner VALUES(41,26,'Toby','','Hayek','Sarah','','Hayek','3274 Hyatt Court','Saint Peters','MO','63303','314-239-9828','tobyhayek@yahoo.com',NULL,NULL,20060515,NULL,0);
INSERT INTO owner VALUES(42,25,'Kathleen','','Radke','','','','3276 Hyatt Court','Saint Peters','MO','63303',NULL,NULL,NULL,NULL,19900101,20060515,0);
INSERT INTO owner VALUES(43,27,'Mikailou','','Diarra','','','','3272 Hyatt Court','Saint Peters','MO','63303',NULL,NULL,NULL,NULL,19900101,NULL,1);
INSERT INTO owner VALUES(44,28,'Keith','A','Taylor','Christen','','Law','3270 Hyatt Court','Saint Peters','MO','63303',NULL,NULL,NULL,NULL,20120404,NULL,1);
INSERT INTO owner VALUES(45,28,'Jane','C','Ruff','','','','3270 Hyatt Court','Saint Peters','MO','63303',NULL,NULL,NULL,NULL,19900101,20120404,0);
INSERT INTO owner VALUES(46,29,'Steven','','Bellistri','','','','3268 Hyatt Court','Saint Peters','MO','63303',NULL,NULL,NULL,NULL,20061106,NULL,1);
INSERT INTO owner VALUES(47,29,'Jimmy','','Acton','Marcia','','Acton','3268 Hyatt Court','Saint Peters','MO','63303',NULL,NULL,NULL,NULL,19900101,20061018,0);
INSERT INTO owner VALUES(48,30,'Kenneth','J','Litton','Carol','A','Litton','3266 Hyatt Court','Saint Peters','MO','63303',NULL,'kclitton@integrity.com',NULL,NULL,19900101,NULL,1);
INSERT INTO owner VALUES(49,31,'Otis','','Pyke','Virginia','J','Pyke','3264 Hyatt Court','Saint Peters','MO','63303',NULL,NULL,NULL,NULL,19900101,NULL,1);
INSERT INTO owner VALUES(50,32,'Christopher','C','Money','Carrie','J','Money','3262 Hyatt Court','Saint Peters','MO','63303',NULL,'cmoneydd214@yahoo.com',NULL,NULL,20070228,NULL,1);
INSERT INTO owner VALUES(51,32,'David','A','Belyew','Kristan','E','Belyew','3262 Hyatt Court','Saint Peters','MO','63303',NULL,'',NULL,NULL,19900101,20070228,0);
INSERT INTO owner VALUES(52,33,'David','W','Mclaughliln','Janelle','E','Mclaughlin','3260 Hyatt Court','Saint Peters','MO','63303',NULL,NULL,NULL,NULL,19900101,NULL,1);
INSERT INTO owner VALUES(53,34,'Pamela','J','Butters','','','','3258 Hyatt Court','Saint Peters','MO','63303',NULL,NULL,NULL,NULL,20111222,NULL,1);
INSERT INTO owner VALUES(54,34,'Huso','','Osmankovic','Minka','','Osmankovic','3258 Hyatt Court','Saint Peters','MO','63303',NULL,NULL,NULL,NULL,20050603,NULL,0);
INSERT INTO owner VALUES(55,34,'Chris','','Gunn','Katrina','','Gunn','3258 Hyatt Court','Saint Peters','MO','63303',NULL,NULL,NULL,NULL,NULL,20060603,0);
INSERT INTO owner VALUES(56,34,'','','Security Title Insurance Agency LLC','','','','3258 Hyatt Court','Saint Peters','MO','63303',NULL,NULL,NULL,NULL,NULL,20111222,0);
INSERT INTO owner VALUES(57,35,'Steven','L','Gomez','','','','3256 Hyatt Court','Saint Peters','MO','63303',NULL,'steve_gomez@usa.net',NULL,NULL,19900101,NULL,1);
INSERT INTO owner VALUES(58,36,'Hristo','A','Hristov','Krasimira','O','Hristova','3254 Hyatt Court','Saint Peters','MO','63303',NULL,'krishristova@abv.bg',NULL,NULL,20050315,NULL,1);
INSERT INTO owner VALUES(59,36,'Jeremy','','Johnston','Jessica','','Johnston','3254 Hyatt Court','Saint Peters','MO','63303',NULL,'',NULL,NULL,NULL,20050315,0);
INSERT INTO owner VALUES(60,37,'Lester','L','Luketin','Ida','J','Luketin','3252 Hyatt Court','Saint Peters','MO','63303',NULL,NULL,NULL,NULL,19900101,NULL,1);
INSERT INTO owner VALUES(61,38,'Stoyan','A','Hristov','Nadezhda','M','Hristova','3250 Hyatt Court','Saint Peters','MO','63303',NULL,NULL,NULL,NULL,20060630,NULL,1);
INSERT INTO owner VALUES(62,38,'Michael','','Sansone','Amanda','','Sansone','3250 Hyatt Court','Saint Peters','MO','63303',NULL,NULL,NULL,NULL,19900101,20060630,0);
INSERT INTO owner VALUES(63,39,'James','P','Johnson','Tricia','L','Johnson','3251 Hyatt Court','Saint Peters','MO','63303',NULL,NULL,NULL,NULL,19900101,NULL,0);
INSERT INTO owner VALUES(64,40,'Sheryl','K','Timm','','','','3253 Hyatt Court','Saint Peters','MO','63303',NULL,NULL,NULL,NULL,19900101,NULL,1);
INSERT INTO owner VALUES(65,41,'Richard','K','Zerr','Carla','S','Zerr','3255 Hyatt Court','Saint Peters','MO','63303',NULL,NULL,NULL,NULL,19900101,NULL,1);
INSERT INTO owner VALUES(66,42,'Markus','S','Emerson','Katriana','L','Emerson','3257 Hyatt Court','Saint Peters','MO','63303',NULL,NULL,NULL,NULL,19900101,NULL,1);
INSERT INTO owner VALUES(67,43,'Debbie','','Jackson','Michael','Wayne','Jackson','1424 Westin Drive','Saint Peters','MO','63303',NULL,NULL,NULL,NULL,19900101,NULL,1);
INSERT INTO owner VALUES(68,44,'Michele','M','Angelo','','','','1416 Westin Drive','Saint Peters','MO','63303',NULL,NULL,NULL,NULL,19900101,NULL,1);
INSERT INTO owner VALUES(69,45,'Robert','J','Beerman','','','','1408 Westin Drive','Saint Peters','MO','63303',NULL,'bbeerb61@gmail.com',NULL,NULL,19900101,NULL,1);
INSERT INTO owner VALUES(70,46,'Sandra','L','McCullough','','','','3208 Windwood Trails Drive','Saint Peters','MO','63303',NULL,NULL,NULL,NULL,20130517,NULL,1);
INSERT INTO owner VALUES(71,46,'Adam','B','Murray','Mandy','L','Murray','3208 Windwood Trails Drive','Saint Peters','MO','63303',NULL,NULL,NULL,NULL,20090521,20130517,0);
INSERT INTO owner VALUES(72,46,'Denise','L','Shy','','','','3208 Windwood Trails Drive','Saint Peters','MO','63303',NULL,NULL,NULL,NULL,20050411,20090521,0);
INSERT INTO owner VALUES(73,47,'Tim','','Galmore','','','','3204 Windwood Trails Drive','Saint Peters','MO','63303',NULL,NULL,NULL,NULL,NULL,20050411,0);
INSERT INTO owner VALUES(74,47,'','','Peer Properties LLC','','','','939 Bentley Park Circle','O''Fallon','MO','63368',NULL,NULL,NULL,NULL,20050609,NULL,1);
INSERT INTO owner VALUES(75,47,'','','Lanpar Corporation','','','','3204 Windwood Trails Drive','Saint Peters','MO','63303',NULL,NULL,NULL,NULL,20050411,20050609,0);
INSERT INTO owner VALUES(76,48,'Joann','','Seabaugh','','','','3200 Windwood Trails Drive','Saint Peters','MO','63303',NULL,'jvollmer41@yahoo.com',NULL,NULL,19900101,NULL,1);
INSERT INTO owner VALUES(77,49,'William','L','Bostwick','','','','1401 Westin Drive','Saint Peters','MO','63303',NULL,NULL,NULL,NULL,19900101,NULL,1);
INSERT INTO owner VALUES(78,50,'Richard','A','Palloni','Kathy','S','Palloni','3216 Windwood Trails Drive','Saint Peters','MO','63303',NULL,NULL,NULL,NULL,20050531,NULL,1);
INSERT INTO owner VALUES(79,50,'Donald','','Blanchfield','','','','3216 Windwood Trails Drive','Saint Peters','MO','63303',NULL,NULL,NULL,NULL,19900101,20050531,0);
INSERT INTO owner VALUES(80,51,'Adam','C','Liley','Michelle','','Liley','3220 Windwood Trails Drive','Saint Peters','MO','63303',NULL,'philksterlingjr@gmail.com',NULL,NULL,20060525,20090326,0);
INSERT INTO owner VALUES(81,51,'Philip','K','Sterling','Andriana','T','Sterling','3220 Windwood Trails Drive','Saint Peters','MO','63303',NULL,'philksterlingjr@gmail.com',NULL,NULL,20090326,NULL,1);
INSERT INTO owner VALUES(82,51,'Chad','M','Gerler','Melissa','A','Gerler','3220 Windwood Trails Drive','Saint Peters','MO','63303',NULL,'philksterlingjr@gmail.com',NULL,NULL,19900101,20060525,0);
INSERT INTO owner VALUES(83,52,'Daniel','P','Jansen','Melissa','A','Jansen','3224 Windwood Trails Drive','Saint Peters','MO','63303',NULL,'daniel-jansen@sbcglobal.net',NULL,'melissa.jansen@sbcglobal.net',19900101,20131127,0);
INSERT INTO owner VALUES(84,52,'Patrick','','Hansen','','','','3224 Windwood Trails Drive','Saint Peters','MO','63303',NULL,'',NULL,'',20131127,NULL,1);
INSERT INTO owner VALUES(85,53,'Colleen','','Rice','','','','3228 Windwood Trails Drive','Saint Peters','MO','63303',NULL,NULL,NULL,NULL,19900101,NULL,1);
INSERT INTO owner VALUES(86,54,'Matthew','','Reungert','Patricia','','Castello','3232 Windwood Trails Drive','Saint Peters','MO','63303',NULL,'schoem4@yahoo.com',NULL,'',20070615,20091030,0);
INSERT INTO owner VALUES(87,54,'Seth','','Schoem','Audrey','','Schoem','3232 Windwood Trails Drive','Saint Peters','MO','63303',NULL,'schoem4@yahoo.com',NULL,'',20091030,NULL,1);
INSERT INTO owner VALUES(88,54,'Derek','A','Rone','Heather','','Rone','3232 Windwood Trails Drive','Saint Peters','MO','63303',NULL,'schoem4@yahoo.com',NULL,'',19900101,20070615,0);
INSERT INTO owner VALUES(89,55,'Janet','L','Booker','','','','3287 Hyatt Court','Saint Peters','MO','63303',NULL,'jbooker0928@sbcglobal.net',NULL,NULL,19900101,NULL,1);
INSERT INTO owner VALUES(90,56,'Roger','E','Yoakum','Darla','B','Yoakum','3283 Hyatt Court','Saint Peters','MO','63303',NULL,'yoakum77@att.net',NULL,NULL,19900101,NULL,1);
INSERT INTO owner VALUES(91,57,'Paul','E','Yadlosky','Julie','R','Yadlosky','3279 Hyatt Court','Saint Peters','MO','63303',NULL,NULL,NULL,NULL,19900101,NULL,1);
INSERT INTO owner VALUES(92,58,'Carole','','Frawley','','','','3275 Hyatt Court','Saint Peters','MO','63303',NULL,NULL,NULL,NULL,20090228,20121025,0);
INSERT INTO owner VALUES(93,58,'Kyle','','Aumiller','','','','3275 Hyatt Court','Saint Peters','MO','63303',NULL,NULL,NULL,NULL,20121025,NULL,1);
INSERT INTO owner VALUES(94,58,'Virginia','','Manno','Paul','','Manno','3275 Hyatt Court','Saint Peters','MO','63303',NULL,NULL,NULL,NULL,19900101,20080229,0);
INSERT INTO owner VALUES(95,59,'Michael','A','Bridgett','Margaret','S','Bridgett','12 Ritz Court','Saint Peters','MO','63303',NULL,NULL,NULL,NULL,19900101,NULL,1);
INSERT INTO owner VALUES(96,60,'Dennis','G','Pohlmann','','','','10 Ritz Court','Saint Peters','MO','63303',NULL,'d.pohlman@sbcglobal.net',NULL,NULL,20070504,NULL,1);
INSERT INTO owner VALUES(97,60,'Darren','','Koontz','','','','10 Ritz Court','Saint Peters','MO','63303',NULL,'d.pohlman@sbcglobal.net',NULL,NULL,19900101,20070504,0);
INSERT INTO owner VALUES(98,61,'Rico','','Carenza','','','','8 Ritz Court','Saint Peters','MO','63303',NULL,NULL,NULL,NULL,19900101,NULL,1);
INSERT INTO owner VALUES(99,62,'Donald','','Nanna','Dorothy','','Nanna','6 Ritz Court','Saint Peters','MO','63303',NULL,'nannadane@yahoo.com',NULL,NULL,20030207,NULL,1);
INSERT INTO owner VALUES(100,62,'Ralph','','Vance','Sharon','','Vance','6 Ritz Court','Saint Peters','MO','63303',NULL,'nannadane@yahoo.com',NULL,NULL,19900101,20030207,0);
INSERT INTO owner VALUES(101,63,'Thomas','S','White','Elizabeth','A','White','4 Ritz Court','Saint Peters','MO','63303',NULL,'gobucks1965@yahoo.com',NULL,'buckeyenuts729@yahoo.com',19900101,NULL,1);
INSERT INTO owner VALUES(102,64,'Michael','F','Gardner','Connie','L','Gardner','3263 Hyatt Court','Saint Peters','MO','63303',NULL,NULL,NULL,NULL,19900101,NULL,1);
INSERT INTO owner VALUES(103,65,'Mark','R','Lohrman','Clara','R','Lohrman','3259 Hyatt Court','Saint Peters','MO','63303',NULL,'jiryis06@yahoo.com',NULL,NULL,20070302,20120703,0);
INSERT INTO owner VALUES(104,65,'Geries','','Shaheen','Amanda','','Shaheen','3259 Hyatt Court','Saint Peters','MO','63303',NULL,'jiryis06@yahoo.com',NULL,NULL,20120703,NULL,1);
INSERT INTO owner VALUES(105,65,'Christopher','C','Money','Carrie','J','Money','3259 Hyatt Court','Saint Peters','MO','63303',NULL,'jiryis06@yahoo.com',NULL,NULL,NULL,20070302,0);
INSERT INTO owner VALUES(106,66,'Christine','M','Eck','','','','1425 Westin Drive','Saint Peters','MO','63303',NULL,NULL,NULL,NULL,19900101,NULL,1);
INSERT INTO owner VALUES(107,67,'William','','Wurm','','','','1417 Westin Drive','Saint Peters','MO','63303',NULL,NULL,NULL,NULL,20080926,NULL,1);
INSERT INTO owner VALUES(108,67,'','','Deutsche Bank','','','','1417 Westin Drive','Saint Peters','MO','63303',NULL,NULL,NULL,NULL,20080101,20080926,0);
INSERT INTO owner VALUES(109,67,'Edwin','','Prater','','','','1417 Westin Drive','Saint Peters','MO','63303',NULL,NULL,NULL,NULL,NULL,20080101,0);
INSERT INTO owner VALUES(110,68,'','','Faster House LLC','','','','1409 Westin Drive','Saint Peters','MO','63301',NULL,NULL,NULL,NULL,20110715,20120217,0);
INSERT INTO owner VALUES(111,68,'Richard','','Cremens','Evelyn','','Cremens','1409 Westin Drive','Saint Peters','MO','63301',NULL,NULL,NULL,NULL,20120217,NULL,1);
INSERT INTO owner VALUES(112,68,'Darrel','E','Happel','Phyllis','A','Happel','1409 Westin Drive','Saint Peters','MO','63301',NULL,NULL,NULL,NULL,19900101,20110715,0);
INSERT INTO owner VALUES(113,68,'Thomas','S','Huling','','','','1409 Westin Drive','Saint Peters','MO','63301',NULL,NULL,NULL,NULL,NULL,20120217,0);
INSERT INTO owner VALUES(114,68,'','','Continental Title Company','','','','','','','',NULL,NULL,NULL,NULL,NULL,NULL,0);
INSERT INTO owner VALUES(115,68,'','','Shapiro & Weisman, LLC','','','','','','','',NULL,NULL,NULL,NULL,NULL,NULL,0);
INSERT INTO owner VALUES(116,68,'','','Assured Title Company','','','','','','','',NULL,NULL,NULL,NULL,NULL,NULL,0);
INSERT INTO owner VALUES(117,68,'','','Security Title Insurance Agency, LLC','','','','','','','',NULL,NULL,NULL,NULL,NULL,NULL,0);
INSERT INTO owner VALUES(118,68,'','','Keeven Title Services','','','','','','','',NULL,NULL,NULL,NULL,NULL,NULL,0);
INSERT INTO owner VALUES(119,68,'','','Old Republic Title','','','','','','','',NULL,NULL,NULL,NULL,NULL,NULL,0);
INSERT INTO owner VALUES(120,68,'','','Abstar Title Company','','','','','','','',NULL,NULL,NULL,NULL,NULL,NULL,0);
INSERT INTO owner VALUES(121,68,'','','US Title','','','','','','','',NULL,NULL,NULL,NULL,NULL,NULL,0);
INSERT INTO owner VALUES(122,68,'','','Integrity Land Title Company','','','','','','','',NULL,NULL,NULL,NULL,NULL,NULL,0);
INSERT INTO owner VALUES(123,68,'','','Investors Title','','','','','','','',NULL,NULL,NULL,NULL,NULL,NULL,0);
INSERT INTO owner VALUES(124,5,'','','Federal National Mortgage Assoc','','','','','Dallas','TX','75265',NULL,NULL,NULL,NULL,20130905,NULL,0);
INSERT INTO owner VALUES(125,5,'Tanya','','Brown','','','','1153 Monza Drive','Saint Peters','MO','63303',NULL,NULL,NULL,NULL,20140627,NULL,1);
INSERT INTO owner VALUES(126,12,'Rena','S','Brinkerhoff','William','M','Brinkerhoff','1181 Monza Drive','Saint Peters','MO','63303',NULL,NULL,NULL,NULL,20140430,NULL,1);
INSERT INTO owner VALUES(127,39,'Brian','','Vorce','Mallory','','Simmons','3251 Hyatt Court','Saint Peters','MO','63303',NULL,NULL,NULL,NULL,20140407,NULL,1);
INSERT INTO owner VALUES(128,26,'Kevin','T','Jennings','Sarah','J','Jennings','3274 Hyatt Court','Saint Peters','MO','63303',NULL,NULL,NULL,NULL,20140828,NULL,1);
CREATE TABLE lot (
    id INTEGER PRIMARY KEY AUTOINCREMENT,
    address TEXT,
--    city TEXT,  -- These three are constants, no need to duplicate here
--    st TEXT,
--    zip TEXT,
    closing_date INTEGER,
    note TEXT,
    fk_curr_owner INTEGER,
    fk_prev_owner INTEGER --,
--    FOREIGN KEY(fk_curr_owner) REFERENCES owner(id)
--    FOREIGN KEY(fk_prev_owner) REFERENCES owner(id)
);
INSERT INTO lot VALUES(1,'3241 Windwood Trails Drive',NULL,NULL,2,NULL);
INSERT INTO lot VALUES(2,'3245 Windwood Trails Drive',NULL,NULL,4,NULL);
INSERT INTO lot VALUES(3,'3249 Windwood Trails Drive',NULL,NULL,7,NULL);
INSERT INTO lot VALUES(4,'1148 Monza Drive',NULL,NULL,8,NULL);
INSERT INTO lot VALUES(5,'1153 Monza Drive',NULL,NULL,124,NULL);
INSERT INTO lot VALUES(6,'1157 Monza Drive',NULL,NULL,11,NULL);
INSERT INTO lot VALUES(7,'1161 Monza Drive',NULL,NULL,13,NULL);
INSERT INTO lot VALUES(8,'1165 Monza Drive',NULL,NULL,15,NULL);
INSERT INTO lot VALUES(9,'1169 Monza Drive',NULL,NULL,18,NULL);
INSERT INTO lot VALUES(10,'1173 Monza Drive',NULL,NULL,20,NULL);
INSERT INTO lot VALUES(11,'1177 Monza Drive',NULL,NULL,22,NULL);
INSERT INTO lot VALUES(12,'1181 Monza Drive',NULL,NULL,23,NULL);
INSERT INTO lot VALUES(13,'1180 Monza Drive',NULL,NULL,24,NULL);
INSERT INTO lot VALUES(14,'1176 Monza Drive',NULL,NULL,25,NULL);
INSERT INTO lot VALUES(15,'1172 Monza Drive',NULL,NULL,26,NULL);
INSERT INTO lot VALUES(16,'1168 Monza Drive',NULL,NULL,29,NULL);
INSERT INTO lot VALUES(17,'1164 Monza Drive',NULL,NULL,30,NULL);
INSERT INTO lot VALUES(18,'1160 Monza Drive',NULL,NULL,31,NULL);
INSERT INTO lot VALUES(19,'3244 Windwood Trails Drive',NULL,NULL,32,NULL);
INSERT INTO lot VALUES(20,'3240 Windwood Trails Drive',NULL,NULL,34,NULL);
INSERT INTO lot VALUES(21,'3284 Hyatt Court',NULL,NULL,35,NULL);
INSERT INTO lot VALUES(22,'3282 Hyatt Court',NULL,NULL,37,NULL);
INSERT INTO lot VALUES(23,'3280 Hyatt Court',NULL,NULL,38,NULL);
INSERT INTO lot VALUES(24,'3278 Hyatt Court',NULL,NULL,39,NULL);
INSERT INTO lot VALUES(25,'3276 Hyatt Court',NULL,NULL,40,NULL);
INSERT INTO lot VALUES(26,'3274 Hyatt Court',NULL,NULL,41,NULL);
INSERT INTO lot VALUES(27,'3272 Hyatt Court',NULL,NULL,43,NULL);
INSERT INTO lot VALUES(28,'3270 Hyatt Court',NULL,NULL,44,NULL);
INSERT INTO lot VALUES(29,'3268 Hyatt Court',NULL,NULL,46,NULL);
INSERT INTO lot VALUES(30,'3266 Hyatt Court',NULL,NULL,48,NULL);
INSERT INTO lot VALUES(31,'3264 Hyatt Court',NULL,NULL,49,NULL);
INSERT INTO lot VALUES(32,'3262 Hyatt Court',NULL,NULL,50,NULL);
INSERT INTO lot VALUES(33,'3260 Hyatt Court',NULL,NULL,52,NULL);
INSERT INTO lot VALUES(34,'3258 Hyatt Court',NULL,NULL,53,NULL);
INSERT INTO lot VALUES(35,'3256 Hyatt Court',NULL,NULL,57,NULL);
INSERT INTO lot VALUES(36,'3254 Hyatt Court',NULL,NULL,58,NULL);
INSERT INTO lot VALUES(37,'3252 Hyatt Court',NULL,NULL,60,NULL);
INSERT INTO lot VALUES(38,'3250 Hyatt Court',NULL,NULL,61,NULL);
INSERT INTO lot VALUES(39,'3251 Hyatt Court',NULL,NULL,63,NULL);
INSERT INTO lot VALUES(40,'3253 Hyatt Court',NULL,NULL,64,NULL);
INSERT INTO lot VALUES(41,'3255 Hyatt Court',NULL,NULL,65,NULL);
INSERT INTO lot VALUES(42,'3257 Hyatt Court',NULL,NULL,66,NULL);
INSERT INTO lot VALUES(43,'1424 Westin Drive',NULL,NULL,67,NULL);
INSERT INTO lot VALUES(44,'1416 Westin Drive',NULL,NULL,68,NULL);
INSERT INTO lot VALUES(45,'1408 Westin Drive',NULL,NULL,69,NULL);
INSERT INTO lot VALUES(46,'3208 Windwood Trails Drive',NULL,NULL,70,NULL);
INSERT INTO lot VALUES(47,'3204 Windwood Trails Drive',NULL,NULL,74,NULL);
INSERT INTO lot VALUES(48,'3200 Windwood Trails Drive',NULL,NULL,76,NULL);
INSERT INTO lot VALUES(49,'1401 Westin Drive',NULL,NULL,77,NULL);
INSERT INTO lot VALUES(50,'3216 Windwood Trails Drive',NULL,NULL,78,NULL);
INSERT INTO lot VALUES(51,'3220 Windwood Trails Drive',NULL,NULL,81,NULL);
INSERT INTO lot VALUES(52,'3224 Windwood Trails Drive',NULL,NULL,84,NULL);
INSERT INTO lot VALUES(53,'3228 Windwood Trails Drive',NULL,NULL,85,NULL);
INSERT INTO lot VALUES(54,'3232 Windwood Trails Drive',NULL,NULL,87,NULL);
INSERT INTO lot VALUES(55,'3287 Hyatt Court',NULL,NULL,89,NULL);
INSERT INTO lot VALUES(56,'3283 Hyatt Court',NULL,NULL,90,NULL);
INSERT INTO lot VALUES(57,'3279 Hyatt Court',NULL,NULL,91,NULL);
INSERT INTO lot VALUES(58,'3275 Hyatt Court',NULL,NULL,93,NULL);
INSERT INTO lot VALUES(59,'12 Ritz Court',NULL,NULL,95,NULL);
INSERT INTO lot VALUES(60,'10 Ritz Court',NULL,NULL,96,NULL);
INSERT INTO lot VALUES(61,'8 Ritz Court',NULL,NULL,98,NULL);
INSERT INTO lot VALUES(62,'6 Ritz Court',NULL,NULL,99,NULL);
INSERT INTO lot VALUES(63,'4 Ritz Court',NULL,NULL,101,NULL);
INSERT INTO lot VALUES(64,'3263 Hyatt Court',NULL,NULL,102,NULL);
INSERT INTO lot VALUES(65,'3259 Hyatt Court',NULL,NULL,104,NULL);
INSERT INTO lot VALUES(66,'1425 Westin Drive',NULL,NULL,106,NULL);
INSERT INTO lot VALUES(67,'1417 Westin Drive',NULL,NULL,107,NULL);
INSERT INTO lot VALUES(68,'1409 Westin Drive',NULL,NULL,111,NULL);
CREATE TABLE fees (
    id INTEGER NOT NULL,
    date INTEGER,
    ck_no INTEGER NOT NULL,
    amount REAL,                     -- SQLITE floating point
    fk_lot_id INTEGER NOT NULL,
    fk_trans_id INTEGER,             -- Reference to the bank transaction for deposit
    note TEXT,
    PRIMARY KEY(id),
    FOREIGN KEY(fk_lot_id) REFERENCES lot(id),
    FOREIGN KEY(fk_trans_id) REFERENCES trans(id)
);
INSERT INTO fees VALUES(1,20050425,4411,40.0,1,27,'');
INSERT INTO fees VALUES(2,20050425,1444,40.0,2,27,'');
INSERT INTO fees VALUES(3,20050512,997,40.0,3,28,'');
INSERT INTO fees VALUES(4,20050512,1670,40.0,4,28,'');
INSERT INTO fees VALUES(5,20050512,3059,40.0,5,28,'');
INSERT INTO fees VALUES(6,20050512,758,40.0,6,28,'');
INSERT INTO fees VALUES(7,20050512,5671,40.0,8,28,'');
INSERT INTO fees VALUES(8,20050519,91220,40.0,9,28,'Assured Title 7810437619');
INSERT INTO fees VALUES(9,20050512,3581,40.0,11,28,'');
INSERT INTO fees VALUES(10,20050512,881,40.0,12,28,'');
INSERT INTO fees VALUES(11,20050512,1825,40.0,13,28,'');
INSERT INTO fees VALUES(12,20050512,4853,40.0,14,28,'');
INSERT INTO fees VALUES(13,20050512,1625,40.0,16,28,'');
INSERT INTO fees VALUES(14,20050512,3652,40.0,17,28,'');
INSERT INTO fees VALUES(15,20050512,6465,40.0,18,28,'');
INSERT INTO fees VALUES(16,20050512,3504,40.0,19,28,'');
INSERT INTO fees VALUES(17,20050512,2111,40.0,20,28,'');
INSERT INTO fees VALUES(18,20050512,1793,40.0,21,28,'');
INSERT INTO fees VALUES(19,20050512,3697,40.0,22,28,'');
INSERT INTO fees VALUES(20,20050512,2570,40.0,23,28,'');
INSERT INTO fees VALUES(21,20050512,6076,40.0,24,28,'');
INSERT INTO fees VALUES(22,20050512,2241,40.0,25,28,'');
INSERT INTO fees VALUES(23,20050512,6506,40.0,26,28,'');
INSERT INTO fees VALUES(24,20050512,4742,40.0,27,28,'');
INSERT INTO fees VALUES(25,20050512,2846,40.0,28,28,'');
INSERT INTO fees VALUES(26,20050512,889,40.0,30,28,'');
INSERT INTO fees VALUES(27,20050516,1281,40.0,31,29,'');
INSERT INTO fees VALUES(28,20050516,5221,40.0,32,29,'');
INSERT INTO fees VALUES(29,20050516,4696,40.0,33,29,'');
INSERT INTO fees VALUES(30,20050705,35447,120.0,34,32,'US Title File # 5-08920');
INSERT INTO fees VALUES(31,20050516,4457,40.0,35,29,'');
INSERT INTO fees VALUES(32,20050516,999999,40.0,36,29,'');
INSERT INTO fees VALUES(33,20050516,20882838,40.0,38,29,'');
INSERT INTO fees VALUES(34,20050516,5236,40.0,39,29,'');
INSERT INTO fees VALUES(35,20050516,5966,40.0,40,29,'');
INSERT INTO fees VALUES(36,20050516,2971,40.0,41,29,'');
INSERT INTO fees VALUES(37,20050523,1549,40.0,42,30,'');
INSERT INTO fees VALUES(38,20050523,2883,40.0,43,30,'');
INSERT INTO fees VALUES(39,20050523,920,40.0,44,30,'');
INSERT INTO fees VALUES(40,20050523,1794,40.0,45,30,'');
INSERT INTO fees VALUES(41,20050523,2656,40.0,46,30,'');
INSERT INTO fees VALUES(42,20050523,144530,40.0,47,30,'Lanpar Corporation File # AB-05-0712');
INSERT INTO fees VALUES(43,20050523,1691,40.0,48,30,'');
INSERT INTO fees VALUES(44,20050613,1592,40.0,49,31,'');
INSERT INTO fees VALUES(45,20050613,7132,40.0,50,31,'');
INSERT INTO fees VALUES(46,20050613,1516,40.0,51,31,'');
INSERT INTO fees VALUES(47,20050613,332,40.0,52,31,'');
INSERT INTO fees VALUES(48,20050613,2416,40.0,53,31,'');
INSERT INTO fees VALUES(49,20050613,556,40.0,54,31,'');
INSERT INTO fees VALUES(50,20050613,3725,40.0,55,31,'');
INSERT INTO fees VALUES(51,20050613,999999,40.0,56,0,'Gift for fire loss KE & SG');
INSERT INTO fees VALUES(53,20050613,13159056,40.0,58,31,'');
INSERT INTO fees VALUES(54,20050705,4930,40.0,59,32,'');
INSERT INTO fees VALUES(55,20050613,720,40.0,60,31,'');
INSERT INTO fees VALUES(56,20050613,3005,40.0,61,31,'');
INSERT INTO fees VALUES(57,20050705,933,40.0,63,32,'');
INSERT INTO fees VALUES(58,20050705,1738,40.0,64,32,'');
INSERT INTO fees VALUES(59,20050705,2213,40.0,65,32,'');
INSERT INTO fees VALUES(60,20050808,1814,40.0,66,33,'');
INSERT INTO fees VALUES(61,20050808,8098,40.0,68,33,'');
INSERT INTO fees VALUES(62,20060624,4616,40.0,1,24,'');
INSERT INTO fees VALUES(63,20060608,1596,40.0,2,23,'');
INSERT INTO fees VALUES(64,20060709,1943,40.0,4,25,'');
INSERT INTO fees VALUES(65,20060619,3376,40.0,5,22,'');
INSERT INTO fees VALUES(66,20060608,878,40.0,6,23,'');
INSERT INTO fees VALUES(67,20060606,3207,40.0,9,21,'');
INSERT INTO fees VALUES(68,20060709,1744,40.0,10,25,'');
INSERT INTO fees VALUES(69,20060709,4062,40.0,11,25,'');
INSERT INTO fees VALUES(70,20060606,1188,40.0,12,21,'');
INSERT INTO fees VALUES(71,20060617,5052,40.0,14,22,'');
INSERT INTO fees VALUES(72,20060617,1796,40.0,16,22,'');
INSERT INTO fees VALUES(73,20060606,3769,40.0,17,21,'');
INSERT INTO fees VALUES(74,20060606,6666,40.0,18,21,'');
INSERT INTO fees VALUES(75,20060624,7459,40.0,19,24,'');
INSERT INTO fees VALUES(76,20060606,2359,40.0,20,21,'');
INSERT INTO fees VALUES(77,20060729,1960,40.0,21,26,'');
INSERT INTO fees VALUES(78,20060606,3861,40.0,22,21,'');
INSERT INTO fees VALUES(79,20060624,2866,40.0,23,24,'');
INSERT INTO fees VALUES(80,20060709,6401,40.0,24,25,'');
INSERT INTO fees VALUES(81,20060617,2439,40.0,25,22,'');
INSERT INTO fees VALUES(82,20060516,92842,40.0,26,21,'Order number 06030921');
INSERT INTO fees VALUES(83,20060608,4925,40.0,27,23,'');
INSERT INTO fees VALUES(84,20060606,2979,40.0,28,21,'');
INSERT INTO fees VALUES(85,20061106,2046,40.0,29,26,'');
INSERT INTO fees VALUES(86,20060617,1236,40.0,30,22,'');
INSERT INTO fees VALUES(87,20060606,1303,40.0,31,21,'');
INSERT INTO fees VALUES(88,20060623,5503,40.0,32,24,'');
INSERT INTO fees VALUES(89,20060617,4846,40.0,33,22,'');
INSERT INTO fees VALUES(90,20060608,528,40.0,34,23,'');
INSERT INTO fees VALUES(91,20060606,4560,40.0,35,21,'');
INSERT INTO fees VALUES(92,20060606,1091,40.0,36,21,'');
INSERT INTO fees VALUES(93,20060617,5550,80.0,37,22,'');
INSERT INTO fees VALUES(94,20060606,30657506,40.0,38,21,'');
INSERT INTO fees VALUES(95,20060709,5733,40.0,39,25,'');
INSERT INTO fees VALUES(96,20060624,6400,40.0,40,24,'');
INSERT INTO fees VALUES(97,20060709,3140,40.0,41,25,'');
INSERT INTO fees VALUES(98,20060617,1734,40.0,42,22,'');
INSERT INTO fees VALUES(99,20060709,3385,40.0,43,25,'');
INSERT INTO fees VALUES(100,20060608,1069,40.0,44,23,'');
INSERT INTO fees VALUES(101,20060617,1942,40.0,45,22,'');
INSERT INTO fees VALUES(102,20060709,2814,40.0,46,25,'');
INSERT INTO fees VALUES(103,20060529,1366,40.0,47,21,'');
INSERT INTO fees VALUES(104,20060608,1826,40.0,48,23,'');
INSERT INTO fees VALUES(105,20060601,1712,40.0,49,21,'');
INSERT INTO fees VALUES(106,20060602,896,40.0,50,21,'');
INSERT INTO fees VALUES(107,20060525,153688,40.0,51,21,'US Title File # 6-09853');
INSERT INTO fees VALUES(108,20060617,404,40.0,52,22,'');
INSERT INTO fees VALUES(109,20060617,545,40.0,53,22,'');
INSERT INTO fees VALUES(110,20060617,3895,40.0,55,22,'');
INSERT INTO fees VALUES(111,20060617,2534,40.0,56,22,'');
INSERT INTO fees VALUES(112,20060617,995011,40.0,58,22,'');
INSERT INTO fees VALUES(113,20060617,5058,40.0,59,22,'');
INSERT INTO fees VALUES(114,20060617,778,40.0,60,22,'');
INSERT INTO fees VALUES(115,20060617,3125,40.0,61,22,'');
INSERT INTO fees VALUES(116,20060617,3969,80.0,62,22,'');
INSERT INTO fees VALUES(117,20060617,1196,40.0,63,22,'');
INSERT INTO fees VALUES(118,20060624,1999,40.0,64,24,'');
INSERT INTO fees VALUES(119,20060529,2491,40.0,65,21,'');
INSERT INTO fees VALUES(120,20060617,1872,40.0,66,22,'');
INSERT INTO fees VALUES(121,20060531,3320,40.0,68,21,'');
INSERT INTO fees VALUES(122,20070501,11065849,80.0,10,10,'Investors Title Company File # 237503');
INSERT INTO fees VALUES(123,20070821,4865,40.0,1,8,'');
INSERT INTO fees VALUES(124,20070620,1714,40.0,2,3,'');
INSERT INTO fees VALUES(125,20070710,1388,80.0,3,5,'');
INSERT INTO fees VALUES(126,20070622,2201,40.0,4,4,'');
INSERT INTO fees VALUES(127,20070622,2473,40.0,5,4,'');
INSERT INTO fees VALUES(128,20070623,993,40.0,6,4,'');
INSERT INTO fees VALUES(129,20071010,1328,160.0,7,9,'');
INSERT INTO fees VALUES(130,20070628,1768,80.0,8,4,'');
INSERT INTO fees VALUES(131,20070618,536,40.0,9,3,'');
INSERT INTO fees VALUES(132,20070716,4490,40.0,11,6,'');
INSERT INTO fees VALUES(133,20070617,1211,40.0,12,3,'');
INSERT INTO fees VALUES(134,20070625,2559,80.0,13,4,'');
INSERT INTO fees VALUES(135,20070618,5209,40.0,14,3,'');
INSERT INTO fees VALUES(136,20070625,301,40.0,15,4,'');
INSERT INTO fees VALUES(137,20070616,1952,40.0,16,3,'');
INSERT INTO fees VALUES(138,20070618,3871,40.0,17,3,'');
INSERT INTO fees VALUES(139,20070618,6817,40.0,18,3,'');
INSERT INTO fees VALUES(140,20070618,1455,40.0,19,3,'');
INSERT INTO fees VALUES(141,20070619,2541,40.0,20,3,'');
INSERT INTO fees VALUES(142,20070630,1057,40.0,21,4,'');
INSERT INTO fees VALUES(143,20070618,3991,40.0,22,3,'');
INSERT INTO fees VALUES(144,20070623,3120,40.0,23,4,'');
INSERT INTO fees VALUES(145,20070628,1019,40.0,24,4,'');
INSERT INTO fees VALUES(146,20070617,2617,40.0,25,3,'');
INSERT INTO fees VALUES(147,20070624,1391,40.0,26,4,'');
INSERT INTO fees VALUES(148,20070624,1068,40.0,27,4,'');
INSERT INTO fees VALUES(149,20070618,3102,40.0,28,3,'');
INSERT INTO fees VALUES(150,20080601,1,40.0,29,NULL,'');
INSERT INTO fees VALUES(151,20070628,1573,40.0,30,4,'');
INSERT INTO fees VALUES(152,20070619,1330,40.0,31,3,'');
INSERT INTO fees VALUES(153,20070228,236150,40.0,32,1,'US Title File # 7-02497');
INSERT INTO fees VALUES(154,20070629,5101,40.0,33,4,'');
INSERT INTO fees VALUES(155,20070620,745,40.0,34,4,'');
INSERT INTO fees VALUES(156,20070622,4625,40.0,35,3,'');
INSERT INTO fees VALUES(157,20070629,1044,40.0,36,4,'');
INSERT INTO fees VALUES(158,20070701,5760,40.0,37,4,'');
INSERT INTO fees VALUES(159,20070901,674,40.0,38,7,'');
INSERT INTO fees VALUES(160,20070702,6169,40.0,39,4,'');
INSERT INTO fees VALUES(161,20070616,6682,40.0,40,3,'');
INSERT INTO fees VALUES(162,20070709,2966,40.0,41,5,'');
INSERT INTO fees VALUES(163,20070619,1895,40.0,42,3,'');
INSERT INTO fees VALUES(164,20070628,3947,40.0,43,4,'');
INSERT INTO fees VALUES(165,20070622,1224,40.0,44,4,'');
INSERT INTO fees VALUES(166,20070615,2065,40.0,45,3,'');
INSERT INTO fees VALUES(167,20070713,2968,40.0,46,6,'');
INSERT INTO fees VALUES(168,20070619,1602,40.0,47,3,'');
INSERT INTO fees VALUES(169,20070623,1964,40.0,48,4,'');
INSERT INTO fees VALUES(170,20070615,1822,40.0,49,3,'');
INSERT INTO fees VALUES(171,20070609,1022,40.0,50,3,'');
INSERT INTO fees VALUES(172,20070609,686,40.0,51,3,'');
INSERT INTO fees VALUES(173,20070614,470,40.0,52,3,'');
INSERT INTO fees VALUES(174,20070620,659,40.0,53,3,'');
INSERT INTO fees VALUES(175,20070615,379685,40.0,54,3,'');
INSERT INTO fees VALUES(176,20070618,4079,40.0,55,3,'');
INSERT INTO fees VALUES(177,20070608,2674,40.0,56,3,'');
INSERT INTO fees VALUES(178,20070618,1075,120.0,57,3,'');
INSERT INTO fees VALUES(179,20070612,1123,40.0,58,3,'');
INSERT INTO fees VALUES(180,20070623,5470,40.0,59,4,'');
INSERT INTO fees VALUES(181,20070627,1029,40.0,60,4,'');
INSERT INTO fees VALUES(182,20070707,4026,40.0,61,5,'');
INSERT INTO fees VALUES(183,20070618,4247,40.0,62,3,'');
INSERT INTO fees VALUES(184,20070705,1500,40.0,63,5,'');
INSERT INTO fees VALUES(185,20070618,1119,40.0,64,3,'');
INSERT INTO fees VALUES(186,20070309,11046954,40.0,65,2,'US Title File # 7-02827');
INSERT INTO fees VALUES(187,20070622,1914,40.0,66,4,'');
INSERT INTO fees VALUES(188,20070830,1153,240.0,67,7,'');
INSERT INTO fees VALUES(189,20070630,3293,40.0,68,4,'');
INSERT INTO fees VALUES(190,20080521,5031,40.0,1,36,'');
INSERT INTO fees VALUES(191,20080521,5052,40.0,2,36,'');
INSERT INTO fees VALUES(192,20080521,1559,40.0,3,36,'');
INSERT INTO fees VALUES(193,20080521,2461,40.0,4,36,'');
INSERT INTO fees VALUES(194,20080521,1635,40.0,5,36,'');
INSERT INTO fees VALUES(195,20081216,1087,40.0,6,36,'');
INSERT INTO fees VALUES(196,20100601,1490,50.0,7,NULL,'');
INSERT INTO fees VALUES(198,20080521,642,40.0,9,36,'');
INSERT INTO fees VALUES(199,20080521,3157,40.0,10,36,'');
INSERT INTO fees VALUES(200,20080521,4824,40.0,11,36,'');
INSERT INTO fees VALUES(201,20080521,1404,40.0,12,36,'');
INSERT INTO fees VALUES(202,20080521,5184,40.0,13,36,'');
INSERT INTO fees VALUES(203,20080521,5335,40.0,14,36,'');
INSERT INTO fees VALUES(204,20080521,337,40.0,15,36,'');
INSERT INTO fees VALUES(205,20080521,2082,40.0,16,36,'');
INSERT INTO fees VALUES(206,20080521,3930,40.0,17,36,'');
INSERT INTO fees VALUES(207,20080521,6956,40.0,18,36,'');
INSERT INTO fees VALUES(208,20080521,1831,40.0,19,36,'');
INSERT INTO fees VALUES(209,20080521,2725,40.0,20,36,'');
INSERT INTO fees VALUES(210,20080521,1195,40.0,21,36,'');
INSERT INTO fees VALUES(211,20080521,4070,40.0,22,36,'');
INSERT INTO fees VALUES(212,20080521,3348,40.0,23,36,'');
INSERT INTO fees VALUES(213,20080521,51,40.0,24,36,'');
INSERT INTO fees VALUES(214,20080521,2823,40.0,25,36,'');
INSERT INTO fees VALUES(215,20080521,2089,40.0,26,36,'');
INSERT INTO fees VALUES(216,20080521,1281,40.0,27,36,'');
INSERT INTO fees VALUES(217,20080521,3329,40.0,28,36,'');
INSERT INTO fees VALUES(218,20080521,50025,40.0,29,36,'');
INSERT INTO fees VALUES(219,20080521,1857,40.0,30,36,'');
INSERT INTO fees VALUES(220,20080602,1377,40.0,31,37,'');
INSERT INTO fees VALUES(221,20080602,2979,40.0,32,37,'');
INSERT INTO fees VALUES(222,20080602,5216,40.0,33,37,'');
INSERT INTO fees VALUES(223,20080602,991,40.0,34,37,'');
INSERT INTO fees VALUES(224,20080602,4684,40.0,35,37,'');
INSERT INTO fees VALUES(225,20080609,2538,40.0,36,38,'');
INSERT INTO fees VALUES(226,20080609,5803,40.0,37,38,'');
INSERT INTO fees VALUES(227,20080609,688,40.0,38,38,'');
INSERT INTO fees VALUES(228,20080609,6472,40.0,39,38,'');
INSERT INTO fees VALUES(229,20080609,6932,40.0,40,38,'');
INSERT INTO fees VALUES(230,20080609,5071,40.0,41,38,'');
INSERT INTO fees VALUES(231,20080609,2081,40.0,42,38,'');
INSERT INTO fees VALUES(232,20080609,4324,40.0,43,38,'');
INSERT INTO fees VALUES(233,20080623,1356,40.0,44,39,'');
INSERT INTO fees VALUES(234,20080623,2156,40.0,45,39,'');
INSERT INTO fees VALUES(235,20080623,3111,40.0,46,39,'');
INSERT INTO fees VALUES(236,20080623,1822,40.0,47,39,'');
INSERT INTO fees VALUES(237,20080623,2057,40.0,48,39,'');
INSERT INTO fees VALUES(238,20080623,1919,40.0,49,39,'');
INSERT INTO fees VALUES(239,20080623,1142,40.0,50,39,'');
INSERT INTO fees VALUES(240,20080623,715,40.0,51,39,'');
INSERT INTO fees VALUES(241,20080623,507,40.0,52,39,'');
INSERT INTO fees VALUES(242,20080707,946,40.0,53,40,'');
INSERT INTO fees VALUES(243,20080707,1301,40.0,54,40,'');
INSERT INTO fees VALUES(244,20080707,4247,40.0,55,40,'');
INSERT INTO fees VALUES(245,20080707,4464,40.0,56,40,'');
INSERT INTO fees VALUES(246,20080601,3366,40.0,57,NULL,'');
INSERT INTO fees VALUES(247,20080429,203690,40.0,58,35,'Old Republic Title Order # 0802531');
INSERT INTO fees VALUES(248,20080819,5776,40.0,59,41,'');
INSERT INTO fees VALUES(249,20080819,1059,40.0,60,41,'');
INSERT INTO fees VALUES(250,20080819,4108,40.0,61,41,'');
INSERT INTO fees VALUES(251,20080819,4454,40.0,62,41,'');
INSERT INTO fees VALUES(252,20080819,1760,40.0,63,41,'');
INSERT INTO fees VALUES(253,20080902,1322,40.0,64,42,'');
INSERT INTO fees VALUES(254,20080902,926,40.0,65,42,'');
INSERT INTO fees VALUES(255,20081208,1968,40.0,66,44,'');
INSERT INTO fees VALUES(256,20080922,281619,40.0,67,43,'Town & Country Title 0121998165');
INSERT INTO fees VALUES(257,20090514,5209,50.0,1,46,'');
INSERT INTO fees VALUES(258,20090706,5147,50.0,2,48,'');
INSERT INTO fees VALUES(259,20090706,1796,50.0,3,48,'');
INSERT INTO fees VALUES(260,20090706,2789,50.0,4,48,'');
INSERT INTO fees VALUES(261,20090706,1345,50.0,5,48,'');
INSERT INTO fees VALUES(264,20090528,412839,90.0,8,47,'US Title File # 07572');
INSERT INTO fees VALUES(265,20090706,776,50.0,9,48,'');
INSERT INTO fees VALUES(266,20090706,3265,50.0,10,48,'');
INSERT INTO fees VALUES(267,20090706,5267,50.0,11,48,'');
INSERT INTO fees VALUES(268,20090706,1301,50.0,12,48,'');
INSERT INTO fees VALUES(269,20090706,5581,50.0,13,48,'');
INSERT INTO fees VALUES(270,20090706,5521,50.0,14,48,'');
INSERT INTO fees VALUES(271,20090706,5121,50.0,15,48,'');
INSERT INTO fees VALUES(272,20090713,2205,50.0,16,49,'');
INSERT INTO fees VALUES(273,20090713,3961,50.0,17,49,'');
INSERT INTO fees VALUES(274,20090713,7118,50.0,18,49,'');
INSERT INTO fees VALUES(275,20090713,2045,50.0,19,49,'');
INSERT INTO fees VALUES(276,20090713,2980,50.0,20,49,'');
INSERT INTO fees VALUES(277,20091005,118042,50.0,21,NULL,'Keeven Title Services File # 55778');
INSERT INTO fees VALUES(278,20090713,4183,50.0,22,49,'');
INSERT INTO fees VALUES(279,20090713,3626,50.0,23,49,'');
INSERT INTO fees VALUES(280,20090713,5133,50.0,24,49,'');
INSERT INTO fees VALUES(281,20090713,5025,50.0,25,49,'');
INSERT INTO fees VALUES(282,20090713,2837,50.0,26,49,'');
INSERT INTO fees VALUES(283,20090713,1496,50.0,27,49,'');
INSERT INTO fees VALUES(284,20090713,3497,50.0,28,49,'');
INSERT INTO fees VALUES(285,20090713,50139,50.0,29,49,'');
INSERT INTO fees VALUES(286,20090713,2207,50.0,30,49,'');
INSERT INTO fees VALUES(287,20090713,1439,50.0,31,49,'');
INSERT INTO fees VALUES(288,20090713,3156,50.0,32,49,'');
INSERT INTO fees VALUES(289,20090713,5634,50.0,33,49,'');
INSERT INTO fees VALUES(290,20090714,1298,50.0,34,50,'');
INSERT INTO fees VALUES(291,20090714,4774,50.0,35,50,'');
INSERT INTO fees VALUES(292,20090714,2559,50.0,36,50,'');
INSERT INTO fees VALUES(293,20090714,6003,50.0,37,50,'');
INSERT INTO fees VALUES(294,20090810,705,50.0,38,52,'');
INSERT INTO fees VALUES(295,20090810,6831,50.0,39,52,'');
INSERT INTO fees VALUES(296,20090810,7240,50.0,40,52,'');
INSERT INTO fees VALUES(297,20090810,3241,50.0,41,52,'');
INSERT INTO fees VALUES(298,20090810,2258,50.0,42,52,'');
INSERT INTO fees VALUES(299,20090810,4591,50.0,43,52,'');
INSERT INTO fees VALUES(300,20090810,1556,50.0,44,52,'');
INSERT INTO fees VALUES(301,20090810,2272,50.0,45,52,'');
INSERT INTO fees VALUES(302,20090521,11299139,50.0,46,NULL,'Investors Title Company File # 285798');
INSERT INTO fees VALUES(303,20090810,2072,50.0,47,52,'');
INSERT INTO fees VALUES(304,20090810,2167,50.0,48,52,'');
INSERT INTO fees VALUES(305,20090810,2040,50.0,49,52,'');
INSERT INTO fees VALUES(306,20090810,524,50.0,50,52,'');
INSERT INTO fees VALUES(307,20090326,72557,50.0,51,47,'Integrity Land Title Company 25882259');
INSERT INTO fees VALUES(308,20090810,543,50.0,52,52,'');
INSERT INTO fees VALUES(309,20090810,1338,50.0,53,52,'');
INSERT INTO fees VALUES(310,20090810,1614,50.0,54,52,'');
INSERT INTO fees VALUES(311,20090810,4325,50.0,55,52,'');
INSERT INTO fees VALUES(312,20090810,5177,50.0,56,52,'');
INSERT INTO fees VALUES(313,20090810,1134,50.0,58,52,'');
INSERT INTO fees VALUES(314,20090810,6113,50.0,59,52,'');
INSERT INTO fees VALUES(315,20090925,1083,50.0,60,53,'');
INSERT INTO fees VALUES(316,20090925,4203,50.0,61,53,'');
INSERT INTO fees VALUES(317,20091021,4666,50.0,62,54,'');
INSERT INTO fees VALUES(318,20091021,2073,50.0,63,54,'');
INSERT INTO fees VALUES(319,20090601,1534,50.0,64,NULL,'');
INSERT INTO fees VALUES(320,20090601,1143,50.0,65,NULL,'');
INSERT INTO fees VALUES(321,20090601,2027,50.0,66,NULL,'');
INSERT INTO fees VALUES(322,20090601,780,50.0,67,NULL,'');
INSERT INTO fees VALUES(323,20080601,4000,40.0,68,NULL,'Check number estimated');
INSERT INTO fees VALUES(324,20100601,5308,50.0,1,NULL,'');
INSERT INTO fees VALUES(325,20100601,5207,50.0,2,NULL,'');
INSERT INTO fees VALUES(326,20100601,2016,50.0,3,NULL,'');
INSERT INTO fees VALUES(327,20100601,3013,50.0,4,NULL,'');
INSERT INTO fees VALUES(328,20100601,1704,50.0,5,NULL,'');
INSERT INTO fees VALUES(329,20090706,1633,50.0,6,48,'');
INSERT INTO fees VALUES(330,20090526,1472,80.0,7,47,'');
INSERT INTO fees VALUES(331,20100601,455,50.0,8,NULL,'');
INSERT INTO fees VALUES(332,20100601,862,50.0,9,NULL,'');
INSERT INTO fees VALUES(333,20100601,3319,50.0,10,NULL,'');
INSERT INTO fees VALUES(334,20100601,5582,50.0,11,NULL,'');
INSERT INTO fees VALUES(335,20100601,1452,50.0,12,NULL,'');
INSERT INTO fees VALUES(336,20100601,5915,50.0,13,NULL,'');
INSERT INTO fees VALUES(337,20100601,5650,50.0,14,NULL,'');
INSERT INTO fees VALUES(338,20100601,5179,50.0,15,NULL,'');
INSERT INTO fees VALUES(339,20100601,2289,50.0,16,NULL,'');
INSERT INTO fees VALUES(340,20100601,4066,50.0,17,NULL,'');
INSERT INTO fees VALUES(341,20100601,7229,50.0,18,NULL,'');
INSERT INTO fees VALUES(342,20100601,2184,50.0,19,NULL,'');
INSERT INTO fees VALUES(343,20100601,3198,50.0,20,NULL,'');
INSERT INTO fees VALUES(344,20100601,1277,50.0,21,NULL,'');
INSERT INTO fees VALUES(345,20100601,299,50.0,22,NULL,'');
INSERT INTO fees VALUES(346,20100601,3819,50.0,23,NULL,'');
INSERT INTO fees VALUES(347,20100601,5337,50.0,24,NULL,'');
INSERT INTO fees VALUES(348,20100611,5149,50.0,25,NULL,'');
INSERT INTO fees VALUES(349,20100601,3347,50.0,26,NULL,'');
INSERT INTO fees VALUES(350,20100601,1597,50.0,27,NULL,'');
INSERT INTO fees VALUES(351,20100601,3630,50.0,28,NULL,'');
INSERT INTO fees VALUES(352,20100601,5061,50.0,29,NULL,'');
INSERT INTO fees VALUES(353,20100601,2479,50.0,30,NULL,'');
INSERT INTO fees VALUES(354,20100601,1482,50.0,31,NULL,'');
INSERT INTO fees VALUES(355,20100601,1236,50.0,32,NULL,'');
INSERT INTO fees VALUES(356,20100601,5523,50.0,33,NULL,'');
INSERT INTO fees VALUES(357,20100601,2545,50.0,34,NULL,'');
INSERT INTO fees VALUES(358,20100601,4866,50.0,35,NULL,'');
INSERT INTO fees VALUES(359,20100601,2599,50.0,36,NULL,'');
INSERT INTO fees VALUES(360,20100601,1059,50.0,37,NULL,'');
INSERT INTO fees VALUES(361,20100601,721,50.0,38,NULL,'');
INSERT INTO fees VALUES(362,20100601,7092,50.0,39,NULL,'');
INSERT INTO fees VALUES(363,20100601,7389,50.0,40,NULL,'');
INSERT INTO fees VALUES(364,20100601,5187,50.0,41,NULL,'');
INSERT INTO fees VALUES(366,20100601,4711,50.0,43,NULL,'');
INSERT INTO fees VALUES(367,20100601,1711,50.0,44,NULL,'');
INSERT INTO fees VALUES(368,20100601,2342,50.0,45,NULL,'');
INSERT INTO fees VALUES(369,20100601,2510,50.0,46,NULL,'');
INSERT INTO fees VALUES(370,20100601,2120,50.0,47,NULL,'');
INSERT INTO fees VALUES(371,20100601,2208,50.0,48,NULL,'');
INSERT INTO fees VALUES(372,20100601,2116,50.0,49,NULL,'');
INSERT INTO fees VALUES(373,20100601,607,50.0,50,NULL,'');
INSERT INTO fees VALUES(374,20100601,530,50.0,51,NULL,'');
INSERT INTO fees VALUES(375,20100601,583,50.0,52,NULL,'');
INSERT INTO fees VALUES(376,20100601,1524,50.0,53,NULL,'');
INSERT INTO fees VALUES(377,20100601,1182,50.0,54,NULL,'');
INSERT INTO fees VALUES(378,20100601,4379,50.0,55,NULL,'');
INSERT INTO fees VALUES(379,20100601,6007,50.0,56,NULL,'');
INSERT INTO fees VALUES(380,20100601,1331,50.0,58,NULL,'');
INSERT INTO fees VALUES(381,20100601,6410,50.0,59,NULL,'');
INSERT INTO fees VALUES(382,20100601,1113,50.0,60,NULL,'');
INSERT INTO fees VALUES(383,20100601,4278,50.0,61,NULL,'');
INSERT INTO fees VALUES(384,20100601,4822,50.0,62,NULL,'');
INSERT INTO fees VALUES(385,20100601,2312,50.0,63,NULL,'');
INSERT INTO fees VALUES(386,20100601,1712,50.0,64,NULL,'');
INSERT INTO fees VALUES(387,20100601,1235,50.0,65,NULL,'');
INSERT INTO fees VALUES(388,20100601,6375359,50.0,66,NULL,'');
INSERT INTO fees VALUES(389,20100601,33071331,50.0,67,NULL,'');
INSERT INTO fees VALUES(390,20100601,8609,100.0,68,NULL,'');
INSERT INTO fees VALUES(392,20110405,513372,50.0,2,56,'US Title File # 11-01264');
INSERT INTO fees VALUES(393,20110527,2175,50.0,3,57,'');
INSERT INTO fees VALUES(394,20110527,3274,50.0,4,57,'');
INSERT INTO fees VALUES(395,20110527,2344,50.0,5,57,'');
INSERT INTO fees VALUES(396,20110527,1500,50.0,7,57,'');
INSERT INTO fees VALUES(397,20110527,502,50.0,8,57,'');
INSERT INTO fees VALUES(398,20110527,978,50.0,9,57,'');
INSERT INTO fees VALUES(399,20110527,3403,50.0,10,57,'');
INSERT INTO fees VALUES(400,20110527,5957,50.0,11,57,'');
INSERT INTO fees VALUES(401,20110527,1640,50.0,12,57,'');
INSERT INTO fees VALUES(402,20110527,6578,50.0,13,57,'');
INSERT INTO fees VALUES(403,20110527,5817,50.0,14,57,'');
INSERT INTO fees VALUES(404,20111004,5257,50.0,15,57,'');
INSERT INTO fees VALUES(405,20110527,2394,50.0,16,57,'');
INSERT INTO fees VALUES(406,20110527,4089,50.0,17,57,'');
INSERT INTO fees VALUES(407,20110527,7351,50.0,18,57,'');
INSERT INTO fees VALUES(408,20110527,2337,50.0,19,57,'');
INSERT INTO fees VALUES(409,20110527,3471,50.0,20,57,'');
INSERT INTO fees VALUES(410,20110527,1284,50.0,21,57,'');
INSERT INTO fees VALUES(411,20110527,620,50.0,22,57,'');
INSERT INTO fees VALUES(412,20110527,4002,50.0,23,57,'');
INSERT INTO fees VALUES(413,20110527,5575,50.0,24,57,'');
INSERT INTO fees VALUES(414,20110527,3955,50.0,26,57,'');
INSERT INTO fees VALUES(415,20110527,1642,50.0,27,57,'');
INSERT INTO fees VALUES(417,20110527,5051,50.0,29,57,'');
INSERT INTO fees VALUES(418,20110527,2787,50.0,30,57,'');
INSERT INTO fees VALUES(419,20110527,1406,50.0,31,57,'');
INSERT INTO fees VALUES(420,20110527,1456,50.0,32,57,'');
INSERT INTO fees VALUES(421,20110527,5723,50.0,33,57,'');
INSERT INTO fees VALUES(422,20110222,1106747,50.0,34,55,'Security Title Insurance Agency File # 112443r');
INSERT INTO fees VALUES(423,20110527,4953,50.0,35,57,'');
INSERT INTO fees VALUES(424,20110527,2569,50.0,36,57,'');
INSERT INTO fees VALUES(425,20110527,1152,50.0,37,57,'');
INSERT INTO fees VALUES(426,20110527,744,50.0,38,57,'');
INSERT INTO fees VALUES(427,20110527,7320,50.0,39,57,'');
INSERT INTO fees VALUES(428,20110527,7703,50.0,40,57,'');
INSERT INTO fees VALUES(429,20110527,3269,50.0,41,57,'');
INSERT INTO fees VALUES(430,20110527,2545,50.0,42,57,'');
INSERT INTO fees VALUES(431,20110527,4822,50.0,43,57,'');
INSERT INTO fees VALUES(432,20110527,1897,50.0,44,57,'');
INSERT INTO fees VALUES(433,20110620,2437,50.0,45,58,'');
INSERT INTO fees VALUES(434,20110620,2739,50.0,46,58,'');
INSERT INTO fees VALUES(435,20110620,2306,50.0,47,58,'');
INSERT INTO fees VALUES(436,20110620,2268,50.0,48,58,'');
INSERT INTO fees VALUES(437,20110620,2220,50.0,49,58,'');
INSERT INTO fees VALUES(438,20110620,688,50.0,50,58,'');
INSERT INTO fees VALUES(439,20110620,556,50.0,51,58,'');
INSERT INTO fees VALUES(440,20110620,612,50.0,52,58,'');
INSERT INTO fees VALUES(441,20110620,1743,50.0,53,58,'');
INSERT INTO fees VALUES(442,20110620,1438,50.0,54,58,'');
INSERT INTO fees VALUES(443,20110620,4443,50.0,55,58,'');
INSERT INTO fees VALUES(444,20110620,6103,50.0,56,58,'');
INSERT INTO fees VALUES(445,20110620,1517,50.0,58,58,'');
INSERT INTO fees VALUES(446,20110620,6853,50.0,59,58,'');
INSERT INTO fees VALUES(447,20110801,1122,50.0,60,59,'');
INSERT INTO fees VALUES(448,20110801,4366,50.0,61,59,'');
INSERT INTO fees VALUES(449,20110801,5035,50.0,62,59,'');
INSERT INTO fees VALUES(450,20110801,2535,50.0,63,59,'');
INSERT INTO fees VALUES(451,20110801,1916,50.0,64,59,'');
INSERT INTO fees VALUES(452,20110801,1305,50.0,65,59,'');
INSERT INTO fees VALUES(453,20110801,83905211,50.0,66,59,'');
INSERT INTO fees VALUES(454,20111108,57991466,50.0,67,60,'');
INSERT INTO fees VALUES(455,20111125,131791,50.0,68,61,'Assured Title Company Order # 826183 ');
INSERT INTO fees VALUES(456,20120228,342525,50.0,1,64,'Shapiro & Weisman Ref # MO012127282 (HUD)');
INSERT INTO fees VALUES(457,20120827,1531,50.0,2,65,'');
INSERT INTO fees VALUES(458,20120827,3557,50.0,4,65,'');
INSERT INTO fees VALUES(459,20120827,1111,50.0,5,65,'');
INSERT INTO fees VALUES(460,20120827,1192,50.0,7,65,'');
INSERT INTO fees VALUES(461,20120827,548,50.0,8,65,'');
INSERT INTO fees VALUES(462,20120827,1110,50.0,9,65,'');
INSERT INTO fees VALUES(463,20120827,3489,50.0,10,65,'');
INSERT INTO fees VALUES(464,20120827,6309,50.0,11,65,'');
INSERT INTO fees VALUES(465,20120705,1193,50.0,12,64,'');
INSERT INTO fees VALUES(466,20120705,6997,50.0,13,64,'');
INSERT INTO fees VALUES(467,20120827,5872,50.0,14,65,'');
INSERT INTO fees VALUES(468,20120827,209,50.0,15,65,'');
INSERT INTO fees VALUES(469,20120827,2512,50.0,16,65,'');
INSERT INTO fees VALUES(470,20120827,4190,50.0,17,65,'');
INSERT INTO fees VALUES(471,20120827,7455,50.0,18,65,'');
INSERT INTO fees VALUES(472,20120827,1661,50.0,19,65,'');
INSERT INTO fees VALUES(473,20120827,3721,50.0,20,65,'');
INSERT INTO fees VALUES(474,20120827,1269,50.0,21,65,'');
INSERT INTO fees VALUES(475,20120705,738,50.0,22,64,'');
INSERT INTO fees VALUES(476,20120705,4084,50.0,23,64,'');
INSERT INTO fees VALUES(477,20120705,5811,50.0,24,64,'');
INSERT INTO fees VALUES(478,20120705,5057,50.0,26,64,'');
INSERT INTO fees VALUES(479,20120705,1782,50.0,27,64,'');
INSERT INTO fees VALUES(480,20120601,1026,100.0,28,62,'');
INSERT INTO fees VALUES(481,20120705,5174,50.0,29,64,'');
INSERT INTO fees VALUES(482,20120705,3102,50.0,30,64,'');
INSERT INTO fees VALUES(483,20120705,1613,50.0,31,64,'');
INSERT INTO fees VALUES(484,20120705,1707,50.0,32,64,'');
INSERT INTO fees VALUES(485,20120705,5558,50.0,33,64,'');
INSERT INTO fees VALUES(486,20120705,1124,50.0,34,64,'');
INSERT INTO fees VALUES(487,20120705,5063,50.0,35,64,'');
INSERT INTO fees VALUES(488,20120705,2623,50.0,36,64,'');
INSERT INTO fees VALUES(489,20120705,1233,50.0,37,64,'');
INSERT INTO fees VALUES(490,20120705,759,50.0,38,64,'');
INSERT INTO fees VALUES(491,20120705,8101,50.0,40,64,'');
INSERT INTO fees VALUES(492,20120705,3096,50.0,41,64,'');
INSERT INTO fees VALUES(493,20120705,4925,50.0,43,64,'');
INSERT INTO fees VALUES(494,20120705,2081,50.0,44,64,'');
INSERT INTO fees VALUES(495,20120705,2537,50.0,45,64,'');
INSERT INTO fees VALUES(496,20120705,1079,50.0,46,64,'');
INSERT INTO fees VALUES(497,20120705,2354,50.0,48,64,'');
INSERT INTO fees VALUES(498,20120705,2320,50.0,49,64,'');
INSERT INTO fees VALUES(499,20120705,752,50.0,50,64,'');
INSERT INTO fees VALUES(500,20120705,586,50.0,51,64,'');
INSERT INTO fees VALUES(501,20120705,653,50.0,52,64,'');
INSERT INTO fees VALUES(502,20120705,1952,50.0,53,64,'');
INSERT INTO fees VALUES(503,20120705,1383,50.0,54,64,'');
INSERT INTO fees VALUES(504,20120705,4339,50.0,55,64,'');
INSERT INTO fees VALUES(505,20120705,7018,50.0,56,64,'');
INSERT INTO fees VALUES(506,20121031,580938,50.0,58,66,'US Title File # 12-12049');
INSERT INTO fees VALUES(507,20120705,7279,50.0,59,64,'');
INSERT INTO fees VALUES(508,20120705,1139,50.0,60,64,'');
INSERT INTO fees VALUES(509,20120705,4460,50.0,61,64,'');
INSERT INTO fees VALUES(510,20120705,5232,50.0,62,64,'');
INSERT INTO fees VALUES(511,20120705,2606,50.0,63,64,'');
INSERT INTO fees VALUES(512,20120705,135,50.0,64,64,'');
INSERT INTO fees VALUES(513,20120705,68738,50.0,65,64,'Continental Title Company File # 02146519');
INSERT INTO fees VALUES(514,20120705,7138,50.0,66,64,'');
INSERT INTO fees VALUES(515,20120705,995094,50.0,67,64,'');
INSERT INTO fees VALUES(516,20120217,11590908,50.0,68,63,'Investors Title Company File # 351224');
INSERT INTO fees VALUES(517,20130822,4484,100.0,1,11,'');
INSERT INTO fees VALUES(518,20131022,2675,100.0,3,15,'');
INSERT INTO fees VALUES(519,20130916,3862,50.0,4,13,'');
INSERT INTO fees VALUES(520,20130916,1000,50.0,5,13,'');
INSERT INTO fees VALUES(521,20131022,1278,50.0,7,15,'');
INSERT INTO fees VALUES(522,20130916,575,50.0,8,13,'');
INSERT INTO fees VALUES(523,20130812,1238,50.0,9,11,'');
INSERT INTO fees VALUES(524,20130916,3646,50.0,10,13,'');
INSERT INTO fees VALUES(525,20130916,6700,50.0,11,13,'');
INSERT INTO fees VALUES(526,20130822,1404,50.0,12,11,'');
INSERT INTO fees VALUES(527,20130916,7257,50.0,13,13,'');
INSERT INTO fees VALUES(528,20130822,5921,50.0,14,11,'');
INSERT INTO fees VALUES(529,20130822,2614,50.0,16,11,'');
INSERT INTO fees VALUES(530,20130822,4223,50.0,17,11,'');
INSERT INTO fees VALUES(531,20130822,7561,50.0,18,11,'');
INSERT INTO fees VALUES(532,20130916,1787,50.0,19,13,'');
INSERT INTO fees VALUES(533,20130822,3990,50.0,20,11,'');
INSERT INTO fees VALUES(534,20130826,106,50.0,21,12,'');
INSERT INTO fees VALUES(535,20130826,775,50.0,22,12,'');
INSERT INTO fees VALUES(536,20130916,4167,50.0,23,13,'');
INSERT INTO fees VALUES(537,20130916,6113,50.0,24,13,'');
INSERT INTO fees VALUES(538,20130916,5729,50.0,26,13,'');
INSERT INTO fees VALUES(539,20130826,1921,50.0,27,12,'');
INSERT INTO fees VALUES(540,20130826,1204,50.0,28,12,'');
INSERT INTO fees VALUES(541,20130826,3428,50.0,30,12,'');
INSERT INTO fees VALUES(542,20130822,1447,50.0,31,11,'');
INSERT INTO fees VALUES(543,20130822,1957,50.0,32,11,'');
INSERT INTO fees VALUES(544,20131007,5488,50.0,33,14,'');
INSERT INTO fees VALUES(545,20130826,1091,50.0,34,12,'');
INSERT INTO fees VALUES(546,20130822,5187,50.0,35,11,'');
INSERT INTO fees VALUES(547,20130826,2574,50.0,36,12,'');
INSERT INTO fees VALUES(548,20130916,1558,50.0,37,13,'');
INSERT INTO fees VALUES(549,20130826,772,50.0,38,12,'');
INSERT INTO fees VALUES(550,20130822,8696,50.0,40,11,'');
INSERT INTO fees VALUES(551,20131025,2847,50.0,42,16,'');
INSERT INTO fees VALUES(552,20130916,5030,50.0,43,13,'');
INSERT INTO fees VALUES(553,20130826,2290,50.0,44,12,'');
INSERT INTO fees VALUES(554,20130916,2600,50.0,45,13,'Check number is estimated');
INSERT INTO fees VALUES(555,20130604,11735148,50.0,46,19,'Investors Title Company File # 377295so');
INSERT INTO fees VALUES(556,20130822,2890,100.0,47,11,'');
INSERT INTO fees VALUES(557,20130916,2415,50.0,48,13,'');
INSERT INTO fees VALUES(558,20130822,2412,50.0,49,11,'');
INSERT INTO fees VALUES(559,20130822,830,50.0,50,11,'');
INSERT INTO fees VALUES(560,20131007,620,50.0,51,14,'');
INSERT INTO fees VALUES(561,20131226,634448,50.0,52,18,'US Title File # 13-14216');
INSERT INTO fees VALUES(562,20130822,2181,50.0,53,11,'');
INSERT INTO fees VALUES(563,20131007,1364,50.0,54,14,'');
INSERT INTO fees VALUES(564,20130822,4522,50.0,55,11,'');
INSERT INTO fees VALUES(565,20130916,7028,50.0,56,13,'');
INSERT INTO fees VALUES(566,20130822,7757,50.0,59,11,'');
INSERT INTO fees VALUES(567,20130916,1158,50.0,60,13,'');
INSERT INTO fees VALUES(568,20130822,4559,50.0,61,11,'');
INSERT INTO fees VALUES(569,20130822,5471,50.0,62,11,'');
INSERT INTO fees VALUES(570,20131113,2685,50.0,63,17,'');
INSERT INTO fees VALUES(571,20130916,297,50.0,64,13,'');
INSERT INTO fees VALUES(572,20130826,399,50.0,65,12,'');
INSERT INTO fees VALUES(573,20130916,7341,50.0,66,13,'');
INSERT INTO fees VALUES(574,20130822,913,50.0,67,11,'');
INSERT INTO fees VALUES(575,20130826,6002,50.0,68,12,'');
INSERT INTO fees VALUES(576,20070310,578,40.0,54,1,'');
INSERT INTO fees VALUES(577,20140214,7837,100.0,39,20,'');
INSERT INTO fees VALUES(578,20090727,999999,19.4,7,51,'Cash deposit');
INSERT INTO fees VALUES(579,20060729,2046,80.0,29,NULL,'Split from fee # 85 to make purchase day balance work out');
CREATE TABLE trans(   -- transaction table
	id INTEGER NOT NULL,
	date INTEGER,
	is_reconciled INTEGER, -- Boolean
	type INTEGER,          -- 0 undefined, 1 Deposit, 2 Debit...
	amount REAL,           -- Amount of transaction, SQLite floating point
	note TEXT, ck_no INTEGER, payee TEXT, fk_cat_id INTEGER REFERENCES category(id),
	PRIMARY KEY(id)
	);
INSERT INTO trans VALUES(0,20000101,0,1,40.0,'Transaction for deposit exceptions',NULL,NULL,NULL);
INSERT INTO trans VALUES(1,20070315,0,1,80.0,NULL,NULL,NULL,NULL);
INSERT INTO trans VALUES(2,20070330,0,1,40.0,NULL,NULL,NULL,NULL);
INSERT INTO trans VALUES(3,20070624,0,1,1280.0,NULL,NULL,NULL,NULL);
INSERT INTO trans VALUES(4,20070710,0,1,1040.0,NULL,NULL,NULL,NULL);
INSERT INTO trans VALUES(5,20070716,0,1,200.0,NULL,NULL,NULL,NULL);
INSERT INTO trans VALUES(6,20070801,0,1,80.0,NULL,NULL,NULL,NULL);
INSERT INTO trans VALUES(7,20070904,0,1,280.0,NULL,NULL,NULL,NULL);
INSERT INTO trans VALUES(8,20070917,0,1,40.0,NULL,NULL,NULL,NULL);
INSERT INTO trans VALUES(9,20071015,0,1,160.0,NULL,NULL,NULL,NULL);
INSERT INTO trans VALUES(10,20070529,0,1,80.0,NULL,NULL,NULL,NULL);
INSERT INTO trans VALUES(11,20130822,0,1,1150.0,NULL,NULL,NULL,NULL);
INSERT INTO trans VALUES(12,20130826,0,1,550.0,NULL,NULL,NULL,NULL);
INSERT INTO trans VALUES(13,20130916,0,1,900.0,NULL,NULL,NULL,NULL);
INSERT INTO trans VALUES(14,20131007,0,1,150.0,NULL,NULL,NULL,NULL);
INSERT INTO trans VALUES(15,20131022,0,1,150.0,NULL,NULL,NULL,NULL);
INSERT INTO trans VALUES(16,20131025,0,1,50.0,NULL,NULL,NULL,NULL);
INSERT INTO trans VALUES(17,20131113,0,1,50.0,NULL,NULL,NULL,NULL);
INSERT INTO trans VALUES(18,20131226,0,1,50.0,NULL,NULL,NULL,NULL);
INSERT INTO trans VALUES(19,20130604,0,1,50.0,NULL,NULL,NULL,NULL);
INSERT INTO trans VALUES(20,20140224,0,1,100.0,NULL,NULL,NULL,NULL);
INSERT INTO trans VALUES(21,20060614,0,1,720.0,NULL,NULL,NULL,NULL);
INSERT INTO trans VALUES(22,20060619,0,1,880.0,NULL,NULL,NULL,NULL);
INSERT INTO trans VALUES(23,20060626,0,1,240.0,NULL,NULL,NULL,NULL);
INSERT INTO trans VALUES(24,20060615,0,1,240.0,NULL,NULL,NULL,NULL);
INSERT INTO trans VALUES(25,20060711,0,1,320.0,NULL,NULL,NULL,NULL);
INSERT INTO trans VALUES(26,20060731,0,1,120.0,NULL,NULL,NULL,NULL);
INSERT INTO trans VALUES(27,20050425,0,1,80.0,NULL,NULL,NULL,NULL);
INSERT INTO trans VALUES(28,20050512,0,1,960.0,NULL,NULL,NULL,NULL);
INSERT INTO trans VALUES(29,20050516,0,1,360.0,NULL,NULL,NULL,NULL);
INSERT INTO trans VALUES(30,20050523,0,1,280.0,NULL,NULL,NULL,NULL);
INSERT INTO trans VALUES(31,20050613,0,1,400.0,NULL,NULL,NULL,NULL);
INSERT INTO trans VALUES(32,20050705,0,1,280.0,NULL,NULL,NULL,NULL);
INSERT INTO trans VALUES(33,20050808,0,1,80.0,NULL,NULL,NULL,NULL);
INSERT INTO trans VALUES(34,20051011,0,1,NULL,NULL,NULL,NULL,NULL);
INSERT INTO trans VALUES(35,20080429,0,1,40.0,NULL,NULL,NULL,NULL);
INSERT INTO trans VALUES(36,20080521,0,1,1160.0,NULL,NULL,NULL,NULL);
INSERT INTO trans VALUES(37,20080602,0,1,200.0,NULL,NULL,NULL,NULL);
INSERT INTO trans VALUES(38,20080609,0,1,320.0,NULL,NULL,NULL,NULL);
INSERT INTO trans VALUES(39,20080623,0,1,360.0,NULL,NULL,NULL,NULL);
INSERT INTO trans VALUES(40,20080707,0,1,160.0,NULL,NULL,NULL,NULL);
INSERT INTO trans VALUES(41,20080819,0,1,200.0,NULL,NULL,NULL,NULL);
INSERT INTO trans VALUES(42,20080902,0,1,80.0,NULL,NULL,NULL,NULL);
INSERT INTO trans VALUES(43,20080922,0,1,40.0,NULL,NULL,NULL,NULL);
INSERT INTO trans VALUES(44,20081208,0,1,40.0,NULL,NULL,NULL,NULL);
INSERT INTO trans VALUES(45,20090209,0,1,40.0,NULL,NULL,NULL,NULL);
INSERT INTO trans VALUES(46,20090514,0,1,50.0,NULL,NULL,NULL,NULL);
INSERT INTO trans VALUES(47,20090605,0,1,220.0,NULL,NULL,NULL,NULL);
INSERT INTO trans VALUES(48,20090706,0,1,650.0,NULL,NULL,NULL,NULL);
INSERT INTO trans VALUES(49,20090713,0,1,850.0,NULL,NULL,NULL,NULL);
INSERT INTO trans VALUES(50,20090714,0,1,200.0,NULL,NULL,NULL,NULL);
INSERT INTO trans VALUES(51,20090727,0,1,19.4,NULL,NULL,NULL,NULL);
INSERT INTO trans VALUES(52,20090810,0,1,950.0,NULL,NULL,NULL,NULL);
INSERT INTO trans VALUES(53,20090925,0,1,100.0,NULL,NULL,NULL,NULL);
INSERT INTO trans VALUES(54,20091021,0,1,100.0,NULL,NULL,NULL,NULL);
INSERT INTO trans VALUES(55,20110222,0,1,50.0,NULL,NULL,NULL,NULL);
INSERT INTO trans VALUES(56,20110405,0,1,50.0,NULL,NULL,NULL,NULL);
INSERT INTO trans VALUES(57,20110527,0,1,1950.0,NULL,NULL,NULL,NULL);
INSERT INTO trans VALUES(58,20110620,0,1,700.0,NULL,NULL,NULL,NULL);
INSERT INTO trans VALUES(59,20110801,0,1,350.0,NULL,NULL,NULL,NULL);
INSERT INTO trans VALUES(60,20111108,0,1,50.0,NULL,NULL,NULL,NULL);
INSERT INTO trans VALUES(61,20111125,0,1,50.0,NULL,NULL,NULL,NULL);
INSERT INTO trans VALUES(62,20120410,0,1,100.0,NULL,NULL,NULL,NULL);
INSERT INTO trans VALUES(63,20120416,0,1,50.0,NULL,NULL,NULL,NULL);
INSERT INTO trans VALUES(64,20120705,0,1,2100.0,NULL,NULL,NULL,NULL);
INSERT INTO trans VALUES(65,20120827,0,1,800.0,NULL,NULL,NULL,NULL);
INSERT INTO trans VALUES(66,20121031,0,1,50.0,NULL,NULL,NULL,NULL);
CREATE TABLE export (
    id INTEGER NOT NULL,
    date INTEGER,
    ck_no INTEGER NOT NULL,
    amount REAL,                     -- SQLITE floating point
    fk_lot_id INTEGER NOT NULL,
    fk_trans_id INTEGER,             -- Reference to the bank transaction for deposit
    note TEXT,
    PRIMARY KEY(id),
    FOREIGN KEY(fk_lot_id) REFERENCES lot(id),
    FOREIGN KEY(fk_trans_id) REFERENCES trans(id)
);
INSERT INTO export VALUES(1,20050601,4411,40.0,1,NULL,'');
INSERT INTO export VALUES(2,20050601,1444,40.0,2,NULL,'');
INSERT INTO export VALUES(3,20050601,997,40.0,3,NULL,'');
INSERT INTO export VALUES(4,20050601,1670,40.0,4,NULL,'');
INSERT INTO export VALUES(5,20050601,3059,40.0,5,NULL,'');
INSERT INTO export VALUES(6,20050601,758,40.0,6,NULL,'');
INSERT INTO export VALUES(7,20050601,1,40.0,7,NULL,'');
INSERT INTO export VALUES(8,20050601,5671,40.0,8,NULL,'');
INSERT INTO export VALUES(9,20050601,91220,40.0,9,NULL,'');
INSERT INTO export VALUES(10,20050601,1744,40.0,10,NULL,'');
INSERT INTO export VALUES(11,20050601,3581,40.0,11,NULL,'');
INSERT INTO export VALUES(12,20050601,881,40.0,12,NULL,'');
INSERT INTO export VALUES(13,20050601,1825,40.0,13,NULL,'');
INSERT INTO export VALUES(14,20050601,4853,40.0,14,NULL,'');
INSERT INTO export VALUES(15,20050601,1,40.0,15,NULL,'');
INSERT INTO export VALUES(16,20050601,1625,40.0,16,NULL,'');
INSERT INTO export VALUES(17,20050601,3652,40.0,17,NULL,'');
INSERT INTO export VALUES(18,20050601,6465,40.0,18,NULL,'');
INSERT INTO export VALUES(19,20050601,3504,40.0,19,NULL,'');
INSERT INTO export VALUES(20,20050601,2111,40.0,20,NULL,'');
INSERT INTO export VALUES(21,20050601,1793,40.0,21,NULL,'');
INSERT INTO export VALUES(22,20050601,3697,40.0,22,NULL,'');
INSERT INTO export VALUES(23,20050601,2570,40.0,23,NULL,'');
INSERT INTO export VALUES(24,20050601,6076,40.0,24,NULL,'');
INSERT INTO export VALUES(25,20050601,2241,40.0,25,NULL,'');
INSERT INTO export VALUES(26,20050601,6506,40.0,26,NULL,'');
INSERT INTO export VALUES(27,20050601,4742,40.0,27,NULL,'');
INSERT INTO export VALUES(28,20050601,2846,40.0,28,NULL,'');
INSERT INTO export VALUES(29,20050601,2046,40.0,29,NULL,'');
INSERT INTO export VALUES(30,20050601,889,40.0,30,NULL,'');
INSERT INTO export VALUES(31,20050601,1281,40.0,31,NULL,'');
INSERT INTO export VALUES(32,20050601,5221,40.0,32,NULL,'');
INSERT INTO export VALUES(33,20050601,4696,40.0,33,NULL,'');
INSERT INTO export VALUES(34,20050601,35447,40.0,34,NULL,'');
INSERT INTO export VALUES(35,20050601,4457,40.0,35,NULL,'');
INSERT INTO export VALUES(36,20050601,999999,40.0,36,NULL,'');
INSERT INTO export VALUES(37,20050601,5550,40.0,37,NULL,'');
INSERT INTO export VALUES(38,20050601,20882838,40.0,38,NULL,'');
INSERT INTO export VALUES(39,20050601,5236,40.0,39,NULL,'');
INSERT INTO export VALUES(40,20050601,5966,40.0,40,NULL,'');
INSERT INTO export VALUES(41,20050601,2971,40.0,41,NULL,'');
INSERT INTO export VALUES(42,20050601,1549,40.0,42,NULL,'');
INSERT INTO export VALUES(43,20050601,2883,40.0,43,NULL,'');
INSERT INTO export VALUES(44,20050601,920,40.0,44,NULL,'');
INSERT INTO export VALUES(45,20050601,1794,40.0,45,NULL,'');
INSERT INTO export VALUES(46,20050601,2656,40.0,46,NULL,'');
INSERT INTO export VALUES(47,20050601,144530,40.0,47,NULL,'');
INSERT INTO export VALUES(48,20050601,1691,40.0,48,NULL,'');
INSERT INTO export VALUES(49,20050601,1592,40.0,49,NULL,'');
INSERT INTO export VALUES(50,20050601,7132,40.0,50,NULL,'');
INSERT INTO export VALUES(51,20050601,1516,40.0,51,NULL,'');
INSERT INTO export VALUES(52,20050601,332,40.0,52,NULL,'');
INSERT INTO export VALUES(53,20050601,2416,40.0,53,NULL,'');
INSERT INTO export VALUES(54,20050601,556,40.0,54,NULL,'');
INSERT INTO export VALUES(55,20050601,3725,40.0,55,NULL,'');
INSERT INTO export VALUES(56,20050601,99999999,40.0,56,NULL,'');
INSERT INTO export VALUES(57,20050601,1153,40.0,67,NULL,'');
INSERT INTO export VALUES(58,20050601,8098,40.0,68,NULL,'');
INSERT INTO export VALUES(59,20050601,4930,40.0,59,NULL,'');
INSERT INTO export VALUES(60,20050601,720,40.0,60,NULL,'');
INSERT INTO export VALUES(61,20050601,3005,40.0,61,NULL,'');
INSERT INTO export VALUES(62,20050601,3969,40.0,62,NULL,'');
INSERT INTO export VALUES(63,20050601,933,40.0,63,NULL,'');
INSERT INTO export VALUES(64,20050601,1738,40.0,64,NULL,'');
INSERT INTO export VALUES(65,20050601,2213,40.0,65,NULL,'');
INSERT INTO export VALUES(66,20050601,1814,40.0,66,NULL,'');
INSERT INTO export VALUES(67,20050601,13159056,40.0,58,NULL,'');
INSERT INTO export VALUES(68,20050601,1075,40.0,57,NULL,'');
INSERT INTO export VALUES(69,20060601,4616,40.0,1,NULL,'');
INSERT INTO export VALUES(70,20060601,1596,40.0,2,NULL,'');
INSERT INTO export VALUES(71,20060601,1388,40.0,3,NULL,'');
INSERT INTO export VALUES(72,20060601,1943,40.0,4,NULL,'');
INSERT INTO export VALUES(73,20060601,3376,40.0,5,NULL,'');
INSERT INTO export VALUES(74,20060601,878,40.0,6,NULL,'');
INSERT INTO export VALUES(75,20060601,1,40.0,7,NULL,'');
INSERT INTO export VALUES(76,20060601,1768,40.0,8,NULL,'');
INSERT INTO export VALUES(77,20060601,3207,40.0,9,NULL,'');
INSERT INTO export VALUES(78,20060601,11065849,40.0,10,NULL,'');
INSERT INTO export VALUES(79,20060601,4062,40.0,11,NULL,'');
INSERT INTO export VALUES(80,20060601,1188,40.0,12,NULL,'');
INSERT INTO export VALUES(81,20060601,2559,40.0,13,NULL,'');
INSERT INTO export VALUES(82,20060601,5052,40.0,14,NULL,'');
INSERT INTO export VALUES(83,20060601,1,40.0,15,NULL,'');
INSERT INTO export VALUES(84,20060601,1796,40.0,16,NULL,'');
INSERT INTO export VALUES(85,20060601,3769,40.0,17,NULL,'');
INSERT INTO export VALUES(86,20060601,6666,40.0,18,NULL,'');
INSERT INTO export VALUES(87,20060601,7459,40.0,19,NULL,'');
INSERT INTO export VALUES(88,20060601,2359,40.0,20,NULL,'');
INSERT INTO export VALUES(89,20060601,1960,40.0,21,NULL,'');
INSERT INTO export VALUES(90,20060601,3861,40.0,22,NULL,'');
INSERT INTO export VALUES(91,20060601,2866,40.0,23,NULL,'');
INSERT INTO export VALUES(92,20060601,6401,40.0,24,NULL,'');
INSERT INTO export VALUES(93,20060601,2439,40.0,25,NULL,'');
INSERT INTO export VALUES(94,20060601,92842,40.0,26,NULL,'');
INSERT INTO export VALUES(95,20060601,4925,40.0,27,NULL,'');
INSERT INTO export VALUES(96,20060601,2979,40.0,28,NULL,'');
INSERT INTO export VALUES(97,20060601,2046,40.0,29,NULL,'');
INSERT INTO export VALUES(98,20060601,1236,40.0,30,NULL,'');
INSERT INTO export VALUES(99,20060601,1303,40.0,31,NULL,'');
INSERT INTO export VALUES(100,20060601,5503,40.0,32,NULL,'');
INSERT INTO export VALUES(101,20060601,4846,40.0,33,NULL,'');
INSERT INTO export VALUES(102,20060601,528,40.0,34,NULL,'');
INSERT INTO export VALUES(103,20060601,4560,40.0,35,NULL,'');
INSERT INTO export VALUES(104,20060601,1091,40.0,36,NULL,'');
INSERT INTO export VALUES(105,20060601,5550,40.0,37,NULL,'');
INSERT INTO export VALUES(106,20060601,30657506,40.0,38,NULL,'');
INSERT INTO export VALUES(107,20060601,5733,40.0,39,NULL,'');
INSERT INTO export VALUES(108,20060601,6400,40.0,40,NULL,'');
INSERT INTO export VALUES(109,20060601,3140,40.0,41,NULL,'');
INSERT INTO export VALUES(110,20060601,1734,40.0,42,NULL,'');
INSERT INTO export VALUES(111,20060601,3385,40.0,43,NULL,'');
INSERT INTO export VALUES(112,20060601,1069,40.0,44,NULL,'');
INSERT INTO export VALUES(113,20060601,1942,40.0,45,NULL,'');
INSERT INTO export VALUES(114,20060601,2814,40.0,46,NULL,'');
INSERT INTO export VALUES(115,20060601,1366,40.0,47,NULL,'');
INSERT INTO export VALUES(116,20060601,1826,40.0,48,NULL,'');
INSERT INTO export VALUES(117,20060601,1712,40.0,49,NULL,'');
INSERT INTO export VALUES(118,20060601,896,40.0,50,NULL,'');
INSERT INTO export VALUES(119,20060601,153688,40.0,51,NULL,'');
INSERT INTO export VALUES(120,20060601,404,40.0,52,NULL,'');
INSERT INTO export VALUES(121,20060601,545,40.0,53,NULL,'');
INSERT INTO export VALUES(122,20060601,578,40.0,54,NULL,'');
INSERT INTO export VALUES(123,20060601,3895,40.0,55,NULL,'');
INSERT INTO export VALUES(124,20060601,2534,40.0,56,NULL,'');
INSERT INTO export VALUES(125,20060601,1153,40.0,67,NULL,'');
INSERT INTO export VALUES(126,20060601,3320,40.0,68,NULL,'');
INSERT INTO export VALUES(127,20060601,5058,40.0,59,NULL,'');
INSERT INTO export VALUES(128,20060601,778,40.0,60,NULL,'');
INSERT INTO export VALUES(129,20060601,3126,40.0,61,NULL,'');
INSERT INTO export VALUES(130,20060601,3969,40.0,62,NULL,'');
INSERT INTO export VALUES(131,20060601,1196,40.0,63,NULL,'');
INSERT INTO export VALUES(132,20060601,1999,40.0,64,NULL,'');
INSERT INTO export VALUES(133,20060601,2491,40.0,65,NULL,'');
INSERT INTO export VALUES(134,20060601,1872,40.0,66,NULL,'');
INSERT INTO export VALUES(135,20060601,995011,40.0,58,NULL,'');
INSERT INTO export VALUES(136,20060601,1075,40.0,57,NULL,'');
INSERT INTO export VALUES(137,20070601,4865,40.0,1,NULL,'');
INSERT INTO export VALUES(138,20070601,1714,40.0,2,NULL,'');
INSERT INTO export VALUES(139,20070601,1388,40.0,3,NULL,'');
INSERT INTO export VALUES(140,20070601,2201,40.0,4,NULL,'');
INSERT INTO export VALUES(141,20070601,2473,40.0,5,NULL,'');
INSERT INTO export VALUES(142,20070601,993,40.0,6,NULL,'');
INSERT INTO export VALUES(143,20070601,1328,40.0,7,NULL,'');
INSERT INTO export VALUES(144,20070601,1768,40.0,8,NULL,'');
INSERT INTO export VALUES(145,20070601,536,40.0,9,NULL,'');
INSERT INTO export VALUES(146,20070601,11065849,40.0,10,NULL,'');
INSERT INTO export VALUES(147,20070601,4490,40.0,11,NULL,'');
INSERT INTO export VALUES(148,20070601,1211,40.0,12,NULL,'');
INSERT INTO export VALUES(149,20070601,2559,40.0,13,NULL,'');
INSERT INTO export VALUES(150,20070601,5209,40.0,14,NULL,'');
INSERT INTO export VALUES(151,20070601,301,40.0,15,NULL,'');
INSERT INTO export VALUES(152,20070601,1952,40.0,16,NULL,'');
INSERT INTO export VALUES(153,20070601,3871,40.0,17,NULL,'');
INSERT INTO export VALUES(154,20070601,6817,40.0,18,NULL,'');
INSERT INTO export VALUES(155,20070601,1455,40.0,19,NULL,'');
INSERT INTO export VALUES(156,20070601,2541,40.0,20,NULL,'');
INSERT INTO export VALUES(157,20070601,1057,40.0,21,NULL,'');
INSERT INTO export VALUES(158,20070601,3991,40.0,22,NULL,'');
INSERT INTO export VALUES(159,20070601,3120,40.0,23,NULL,'');
INSERT INTO export VALUES(160,20070601,1019,40.0,24,NULL,'');
INSERT INTO export VALUES(161,20070601,2617,40.0,25,NULL,'');
INSERT INTO export VALUES(162,20070601,1391,40.0,26,NULL,'');
INSERT INTO export VALUES(163,20070601,1068,40.0,27,NULL,'');
INSERT INTO export VALUES(164,20070601,3102,40.0,28,NULL,'');
INSERT INTO export VALUES(165,20070601,1,40.0,29,NULL,'');
INSERT INTO export VALUES(166,20070601,1573,40.0,30,NULL,'');
INSERT INTO export VALUES(167,20070601,1330,40.0,31,NULL,'');
INSERT INTO export VALUES(168,20070601,236150,40.0,32,NULL,'');
INSERT INTO export VALUES(169,20070601,5101,40.0,33,NULL,'');
INSERT INTO export VALUES(170,20070601,745,40.0,34,NULL,'');
INSERT INTO export VALUES(171,20070601,4625,40.0,35,NULL,'');
INSERT INTO export VALUES(172,20070601,1044,40.0,36,NULL,'');
INSERT INTO export VALUES(173,20070601,5760,40.0,37,NULL,'');
INSERT INTO export VALUES(174,20070601,674,40.0,38,NULL,'');
INSERT INTO export VALUES(175,20070601,6169,40.0,39,NULL,'');
INSERT INTO export VALUES(176,20070601,6682,40.0,40,NULL,'');
INSERT INTO export VALUES(177,20070601,2966,40.0,41,NULL,'');
INSERT INTO export VALUES(178,20070601,1895,40.0,42,NULL,'');
INSERT INTO export VALUES(179,20070601,3947,40.0,43,NULL,'');
INSERT INTO export VALUES(180,20070601,1224,40.0,44,NULL,'');
INSERT INTO export VALUES(181,20070601,2065,40.0,45,NULL,'');
INSERT INTO export VALUES(182,20070601,2968,40.0,46,NULL,'');
INSERT INTO export VALUES(183,20070601,1602,40.0,47,NULL,'');
INSERT INTO export VALUES(184,20070601,1964,40.0,48,NULL,'');
INSERT INTO export VALUES(185,20070601,1822,40.0,49,NULL,'');
INSERT INTO export VALUES(186,20070601,1022,40.0,50,NULL,'');
INSERT INTO export VALUES(187,20070601,686,40.0,51,NULL,'');
INSERT INTO export VALUES(188,20070601,470,40.0,52,NULL,'');
INSERT INTO export VALUES(189,20070601,659,40.0,53,NULL,'');
INSERT INTO export VALUES(190,20070601,379685,40.0,54,NULL,'');
INSERT INTO export VALUES(191,20070601,4079,40.0,55,NULL,'');
INSERT INTO export VALUES(192,20070601,2674,40.0,56,NULL,'');
INSERT INTO export VALUES(193,20070601,1153,40.0,67,NULL,'');
INSERT INTO export VALUES(194,20070601,3293,40.0,68,NULL,'');
INSERT INTO export VALUES(195,20070601,5470,40.0,59,NULL,'');
INSERT INTO export VALUES(196,20070601,1029,40.0,60,NULL,'');
INSERT INTO export VALUES(197,20070601,4026,40.0,61,NULL,'');
INSERT INTO export VALUES(198,20070601,4247,40.0,62,NULL,'');
INSERT INTO export VALUES(199,20070601,1500,40.0,63,NULL,'');
INSERT INTO export VALUES(200,20070601,1119,40.0,64,NULL,'');
INSERT INTO export VALUES(201,20070601,11046954,40.0,65,NULL,'');
INSERT INTO export VALUES(202,20070601,1914,40.0,66,NULL,'');
INSERT INTO export VALUES(203,20070601,1123,40.0,58,NULL,'');
INSERT INTO export VALUES(204,20070601,1075,40.0,57,NULL,'');
INSERT INTO export VALUES(205,20080601,5031,40.0,1,NULL,'');
INSERT INTO export VALUES(206,20080601,5052,40.0,2,NULL,'');
INSERT INTO export VALUES(207,20080601,1559,40.0,3,NULL,'');
INSERT INTO export VALUES(208,20080601,2461,40.0,4,NULL,'');
INSERT INTO export VALUES(209,20080601,1635,40.0,5,NULL,'');
INSERT INTO export VALUES(210,20080601,1087,40.0,6,NULL,'');
INSERT INTO export VALUES(211,20080601,1472,40.0,7,NULL,'');
INSERT INTO export VALUES(212,20080601,412839,40.0,8,NULL,'');
INSERT INTO export VALUES(213,20080601,642,40.0,9,NULL,'');
INSERT INTO export VALUES(214,20080601,3157,40.0,10,NULL,'');
INSERT INTO export VALUES(215,20080601,4824,40.0,11,NULL,'');
INSERT INTO export VALUES(216,20080601,1404,40.0,12,NULL,'');
INSERT INTO export VALUES(217,20080601,5184,40.0,13,NULL,'');
INSERT INTO export VALUES(218,20080601,5335,40.0,14,NULL,'');
INSERT INTO export VALUES(219,20080601,337,40.0,15,NULL,'');
INSERT INTO export VALUES(220,20080601,2082,40.0,16,NULL,'');
INSERT INTO export VALUES(221,20080601,3930,40.0,17,NULL,'');
INSERT INTO export VALUES(222,20080601,6956,40.0,18,NULL,'');
INSERT INTO export VALUES(223,20080601,1831,40.0,19,NULL,'');
INSERT INTO export VALUES(224,20080601,2725,40.0,20,NULL,'');
INSERT INTO export VALUES(225,20080601,1195,40.0,21,NULL,'');
INSERT INTO export VALUES(226,20080601,4070,40.0,22,NULL,'');
INSERT INTO export VALUES(227,20080601,3348,40.0,23,NULL,'');
INSERT INTO export VALUES(228,20080601,51,40.0,24,NULL,'');
INSERT INTO export VALUES(229,20080601,2823,40.0,25,NULL,'');
INSERT INTO export VALUES(230,20080601,2089,40.0,26,NULL,'');
INSERT INTO export VALUES(231,20080601,1281,40.0,27,NULL,'');
INSERT INTO export VALUES(232,20080601,3329,40.0,28,NULL,'');
INSERT INTO export VALUES(233,20080601,50025,40.0,29,NULL,'');
INSERT INTO export VALUES(234,20080601,1857,40.0,30,NULL,'');
INSERT INTO export VALUES(235,20080601,1377,40.0,31,NULL,'');
INSERT INTO export VALUES(236,20080601,2979,40.0,32,NULL,'');
INSERT INTO export VALUES(237,20080601,5216,40.0,33,NULL,'');
INSERT INTO export VALUES(238,20080601,991,40.0,34,NULL,'');
INSERT INTO export VALUES(239,20080601,4684,40.0,35,NULL,'');
INSERT INTO export VALUES(240,20080601,2538,40.0,36,NULL,'');
INSERT INTO export VALUES(241,20080601,5803,40.0,37,NULL,'');
INSERT INTO export VALUES(242,20080601,688,40.0,38,NULL,'');
INSERT INTO export VALUES(243,20080601,6472,40.0,39,NULL,'');
INSERT INTO export VALUES(244,20080601,6932,40.0,40,NULL,'');
INSERT INTO export VALUES(245,20080601,5071,40.0,41,NULL,'');
INSERT INTO export VALUES(246,20080601,2081,40.0,42,NULL,'');
INSERT INTO export VALUES(247,20080601,4324,40.0,43,NULL,'');
INSERT INTO export VALUES(248,20080601,1356,40.0,44,NULL,'');
INSERT INTO export VALUES(249,20080601,2156,40.0,45,NULL,'');
INSERT INTO export VALUES(250,20080601,3111,40.0,46,NULL,'');
INSERT INTO export VALUES(251,20080601,1822,40.0,47,NULL,'');
INSERT INTO export VALUES(252,20080601,2057,40.0,48,NULL,'');
INSERT INTO export VALUES(253,20080601,1919,40.0,49,NULL,'');
INSERT INTO export VALUES(254,20080601,1142,40.0,50,NULL,'');
INSERT INTO export VALUES(255,20080601,715,40.0,51,NULL,'');
INSERT INTO export VALUES(256,20080601,507,40.0,52,NULL,'');
INSERT INTO export VALUES(257,20080601,946,40.0,53,NULL,'');
INSERT INTO export VALUES(258,20080601,1301,40.0,54,NULL,'');
INSERT INTO export VALUES(259,20080601,4247,40.0,55,NULL,'');
INSERT INTO export VALUES(260,20080601,4464,40.0,56,NULL,'');
INSERT INTO export VALUES(261,20080601,281619,40.0,67,NULL,'');
INSERT INTO export VALUES(262,20080601,1,40.0,68,NULL,'');
INSERT INTO export VALUES(263,20080601,5776,40.0,59,NULL,'');
INSERT INTO export VALUES(264,20080601,1059,40.0,60,NULL,'');
INSERT INTO export VALUES(265,20080601,4108,40.0,61,NULL,'');
INSERT INTO export VALUES(266,20080601,4454,40.0,62,NULL,'');
INSERT INTO export VALUES(267,20080601,1760,40.0,63,NULL,'');
INSERT INTO export VALUES(268,20080601,1322,40.0,64,NULL,'');
INSERT INTO export VALUES(269,20080601,926,40.0,65,NULL,'');
INSERT INTO export VALUES(270,20080601,1968,40.0,66,NULL,'');
INSERT INTO export VALUES(271,20080601,203690,40.0,58,NULL,'');
INSERT INTO export VALUES(272,20080601,3366,40.0,57,NULL,'');
INSERT INTO export VALUES(273,20090601,5209,50.0,1,NULL,'');
INSERT INTO export VALUES(274,20090601,5147,50.0,2,NULL,'');
INSERT INTO export VALUES(275,20090601,1796,50.0,3,NULL,'');
INSERT INTO export VALUES(276,20090601,2789,50.0,4,NULL,'');
INSERT INTO export VALUES(277,20090601,1345,50.0,5,NULL,'');
INSERT INTO export VALUES(278,20090601,1633,50.0,6,NULL,'');
INSERT INTO export VALUES(279,20090601,1479,50.0,7,NULL,'');
INSERT INTO export VALUES(280,20090601,412839,50.0,8,NULL,'');
INSERT INTO export VALUES(281,20090601,776,50.0,9,NULL,'');
INSERT INTO export VALUES(282,20090601,3265,50.0,10,NULL,'');
INSERT INTO export VALUES(283,20090601,5267,50.0,11,NULL,'');
INSERT INTO export VALUES(284,20090601,1301,50.0,12,NULL,'');
INSERT INTO export VALUES(285,20090601,5581,50.0,13,NULL,'');
INSERT INTO export VALUES(286,20090601,5521,50.0,14,NULL,'');
INSERT INTO export VALUES(287,20090601,5121,50.0,15,NULL,'');
INSERT INTO export VALUES(288,20090601,2205,50.0,16,NULL,'');
INSERT INTO export VALUES(289,20090601,3961,50.0,17,NULL,'');
INSERT INTO export VALUES(290,20090601,7118,50.0,18,NULL,'');
INSERT INTO export VALUES(291,20090601,2045,50.0,19,NULL,'');
INSERT INTO export VALUES(292,20090601,2980,50.0,20,NULL,'');
INSERT INTO export VALUES(293,20090601,118042,50.0,21,NULL,'');
INSERT INTO export VALUES(294,20090601,4183,50.0,22,NULL,'');
INSERT INTO export VALUES(295,20090601,3626,50.0,23,NULL,'');
INSERT INTO export VALUES(296,20090601,5133,50.0,24,NULL,'');
INSERT INTO export VALUES(297,20090601,5025,50.0,25,NULL,'');
INSERT INTO export VALUES(298,20090601,2837,50.0,26,NULL,'');
INSERT INTO export VALUES(299,20090601,1496,50.0,27,NULL,'');
INSERT INTO export VALUES(300,20090601,3497,50.0,28,NULL,'');
INSERT INTO export VALUES(301,20090601,50139,50.0,29,NULL,'');
INSERT INTO export VALUES(302,20090601,2207,50.0,30,NULL,'');
INSERT INTO export VALUES(303,20090601,1439,50.0,31,NULL,'');
INSERT INTO export VALUES(304,20090601,3156,50.0,32,NULL,'');
INSERT INTO export VALUES(305,20090601,5634,50.0,33,NULL,'');
INSERT INTO export VALUES(306,20090601,1298,50.0,34,NULL,'');
INSERT INTO export VALUES(307,20090601,4774,50.0,35,NULL,'');
INSERT INTO export VALUES(308,20090601,2559,50.0,36,NULL,'');
INSERT INTO export VALUES(309,20090601,6003,50.0,37,NULL,'');
INSERT INTO export VALUES(310,20090601,705,50.0,38,NULL,'');
INSERT INTO export VALUES(311,20090601,6831,50.0,39,NULL,'');
INSERT INTO export VALUES(312,20090601,7240,50.0,40,NULL,'');
INSERT INTO export VALUES(313,20090601,3241,50.0,41,NULL,'');
INSERT INTO export VALUES(314,20090601,2258,50.0,42,NULL,'');
INSERT INTO export VALUES(315,20090601,4591,50.0,43,NULL,'');
INSERT INTO export VALUES(316,20090601,1556,50.0,44,NULL,'');
INSERT INTO export VALUES(317,20090601,2272,50.0,45,NULL,'');
INSERT INTO export VALUES(318,20090601,1299139,50.0,46,NULL,'');
INSERT INTO export VALUES(319,20090601,2072,50.0,47,NULL,'');
INSERT INTO export VALUES(320,20090601,2167,50.0,48,NULL,'');
INSERT INTO export VALUES(321,20090601,2040,50.0,49,NULL,'');
INSERT INTO export VALUES(322,20090601,524,50.0,50,NULL,'');
INSERT INTO export VALUES(323,20090601,72557,50.0,51,NULL,'');
INSERT INTO export VALUES(324,20090601,543,50.0,52,NULL,'');
INSERT INTO export VALUES(325,20090601,1338,50.0,53,NULL,'');
INSERT INTO export VALUES(326,20090601,1614,50.0,54,NULL,'');
INSERT INTO export VALUES(327,20090601,4325,50.0,55,NULL,'');
INSERT INTO export VALUES(328,20090601,5177,50.0,56,NULL,'');
INSERT INTO export VALUES(329,20090601,780,50.0,67,NULL,'');
INSERT INTO export VALUES(330,20090601,8609,50.0,68,NULL,'');
INSERT INTO export VALUES(331,20090601,6113,50.0,59,NULL,'');
INSERT INTO export VALUES(332,20090601,1083,50.0,60,NULL,'');
INSERT INTO export VALUES(333,20090601,4203,50.0,61,NULL,'');
INSERT INTO export VALUES(334,20090601,4666,50.0,62,NULL,'');
INSERT INTO export VALUES(335,20090601,2073,50.0,63,NULL,'');
INSERT INTO export VALUES(336,20090601,1534,50.0,64,NULL,'');
INSERT INTO export VALUES(337,20090601,1143,50.0,65,NULL,'');
INSERT INTO export VALUES(338,20090601,2027,50.0,66,NULL,'');
INSERT INTO export VALUES(339,20090601,1134,50.0,58,NULL,'');
INSERT INTO export VALUES(340,20090601,0,0.0,57,NULL,'');
INSERT INTO export VALUES(341,20100601,5308,50.0,1,NULL,'');
INSERT INTO export VALUES(342,20100601,5207,50.0,2,NULL,'');
INSERT INTO export VALUES(343,20100601,2016,50.0,3,NULL,'');
INSERT INTO export VALUES(344,20100601,3013,50.0,4,NULL,'');
INSERT INTO export VALUES(345,20100601,1704,50.0,5,NULL,'');
INSERT INTO export VALUES(346,20100601,1633,50.0,6,NULL,'');
INSERT INTO export VALUES(347,20100601,1479,50.0,7,NULL,'');
INSERT INTO export VALUES(348,20100601,455,50.0,8,NULL,'');
INSERT INTO export VALUES(349,20100601,862,50.0,9,NULL,'');
INSERT INTO export VALUES(350,20100601,3319,50.0,10,NULL,'');
INSERT INTO export VALUES(351,20100601,5582,50.0,11,NULL,'');
INSERT INTO export VALUES(352,20100601,1452,50.0,12,NULL,'');
INSERT INTO export VALUES(353,20100601,5915,50.0,13,NULL,'');
INSERT INTO export VALUES(354,20100601,5650,50.0,14,NULL,'');
INSERT INTO export VALUES(355,20100601,5179,50.0,15,NULL,'');
INSERT INTO export VALUES(356,20100601,2289,50.0,16,NULL,'');
INSERT INTO export VALUES(357,20100601,4066,50.0,17,NULL,'');
INSERT INTO export VALUES(358,20100601,7229,50.0,18,NULL,'');
INSERT INTO export VALUES(359,20100601,2184,50.0,19,NULL,'');
INSERT INTO export VALUES(360,20100601,3198,50.0,20,NULL,'');
INSERT INTO export VALUES(361,20100601,1277,50.0,21,NULL,'');
INSERT INTO export VALUES(362,20100601,299,50.0,22,NULL,'');
INSERT INTO export VALUES(363,20100601,3819,50.0,23,NULL,'');
INSERT INTO export VALUES(364,20100601,5337,50.0,24,NULL,'');
INSERT INTO export VALUES(365,20100601,5149,50.0,25,NULL,'');
INSERT INTO export VALUES(366,20100601,3347,50.0,26,NULL,'');
INSERT INTO export VALUES(367,20100601,1597,50.0,27,NULL,'');
INSERT INTO export VALUES(368,20100601,3630,50.0,28,NULL,'');
INSERT INTO export VALUES(369,20100601,5061,50.0,29,NULL,'');
INSERT INTO export VALUES(370,20100601,2479,50.0,30,NULL,'');
INSERT INTO export VALUES(371,20100601,1482,50.0,31,NULL,'');
INSERT INTO export VALUES(372,20100601,1236,50.0,32,NULL,'');
INSERT INTO export VALUES(373,20100601,5523,50.0,33,NULL,'');
INSERT INTO export VALUES(374,20100601,2545,50.0,34,NULL,'');
INSERT INTO export VALUES(375,20100601,4866,50.0,35,NULL,'');
INSERT INTO export VALUES(376,20100601,2599,50.0,36,NULL,'');
INSERT INTO export VALUES(377,20100601,1059,50.0,37,NULL,'');
INSERT INTO export VALUES(378,20100601,721,50.0,38,NULL,'');
INSERT INTO export VALUES(379,20100601,7092,50.0,39,NULL,'');
INSERT INTO export VALUES(380,20100601,7389,50.0,40,NULL,'');
INSERT INTO export VALUES(381,20100601,5187,50.0,41,NULL,'');
INSERT INTO export VALUES(382,20100601,0,0.0,42,NULL,'');
INSERT INTO export VALUES(383,20100601,4711,50.0,43,NULL,'');
INSERT INTO export VALUES(384,20100601,1711,50.0,44,NULL,'');
INSERT INTO export VALUES(385,20100601,2342,50.0,45,NULL,'');
INSERT INTO export VALUES(386,20100601,2510,50.0,46,NULL,'');
INSERT INTO export VALUES(387,20100601,2120,50.0,47,NULL,'');
INSERT INTO export VALUES(388,20100601,2208,50.0,48,NULL,'');
INSERT INTO export VALUES(389,20100601,2116,50.0,49,NULL,'');
INSERT INTO export VALUES(390,20100601,607,50.0,50,NULL,'');
INSERT INTO export VALUES(391,20100601,530,50.0,51,NULL,'');
INSERT INTO export VALUES(392,20100601,583,50.0,52,NULL,'');
INSERT INTO export VALUES(393,20100601,1524,50.0,53,NULL,'');
INSERT INTO export VALUES(394,20100601,1182,50.0,54,NULL,'');
INSERT INTO export VALUES(395,20100601,4379,50.0,55,NULL,'');
INSERT INTO export VALUES(396,20100601,6007,50.0,56,NULL,'');
INSERT INTO export VALUES(397,20100601,33071331,50.0,67,NULL,'');
INSERT INTO export VALUES(398,20100601,8609,50.0,68,NULL,'');
INSERT INTO export VALUES(399,20100601,6410,50.0,59,NULL,'');
INSERT INTO export VALUES(400,20100601,1113,50.0,60,NULL,'');
INSERT INTO export VALUES(401,20100601,4278,50.0,61,NULL,'');
INSERT INTO export VALUES(402,20100601,4822,50.0,62,NULL,'');
INSERT INTO export VALUES(403,20100601,2312,50.0,63,NULL,'');
INSERT INTO export VALUES(404,20100601,1712,50.0,64,NULL,'');
INSERT INTO export VALUES(405,20100601,1235,50.0,65,NULL,'');
INSERT INTO export VALUES(406,20100601,6375359,50.0,66,NULL,'');
INSERT INTO export VALUES(407,20100601,1331,50.0,58,NULL,'');
INSERT INTO export VALUES(408,20100601,0,0.0,57,NULL,'');
INSERT INTO export VALUES(409,20110601,342525,50.0,1,NULL,'');
INSERT INTO export VALUES(410,20110601,513372,50.0,2,NULL,'');
INSERT INTO export VALUES(411,20110601,2175,50.0,3,NULL,'');
INSERT INTO export VALUES(412,20110601,3274,50.0,4,NULL,'');
INSERT INTO export VALUES(413,20110601,2344,50.0,5,NULL,'');
INSERT INTO export VALUES(414,20110601,0,0.0,6,NULL,'');
INSERT INTO export VALUES(415,20110601,1500,50.0,7,NULL,'');
INSERT INTO export VALUES(416,20110601,502,50.0,8,NULL,'');
INSERT INTO export VALUES(417,20110601,978,50.0,9,NULL,'');
INSERT INTO export VALUES(418,20110601,3403,50.0,10,NULL,'');
INSERT INTO export VALUES(419,20110601,5957,50.0,11,NULL,'');
INSERT INTO export VALUES(420,20110601,1640,50.0,12,NULL,'');
INSERT INTO export VALUES(421,20110601,6578,50.0,13,NULL,'');
INSERT INTO export VALUES(422,20110601,5817,50.0,14,NULL,'');
INSERT INTO export VALUES(423,20110601,5257,50.0,15,NULL,'');
INSERT INTO export VALUES(424,20110601,2394,50.0,16,NULL,'');
INSERT INTO export VALUES(425,20110601,4089,50.0,17,NULL,'');
INSERT INTO export VALUES(426,20110601,7351,50.0,18,NULL,'');
INSERT INTO export VALUES(427,20110601,2337,50.0,19,NULL,'');
INSERT INTO export VALUES(428,20110601,3471,50.0,20,NULL,'');
INSERT INTO export VALUES(429,20110601,1284,50.0,21,NULL,'');
INSERT INTO export VALUES(430,20110601,620,50.0,22,NULL,'');
INSERT INTO export VALUES(431,20110601,4002,50.0,23,NULL,'');
INSERT INTO export VALUES(432,20110601,5575,50.0,24,NULL,'');
INSERT INTO export VALUES(433,20110601,0,0.0,25,NULL,'');
INSERT INTO export VALUES(434,20110601,3955,50.0,26,NULL,'');
INSERT INTO export VALUES(435,20110601,1642,50.0,27,NULL,'');
INSERT INTO export VALUES(436,20110601,1026,50.0,28,NULL,'');
INSERT INTO export VALUES(437,20110601,5051,50.0,29,NULL,'');
INSERT INTO export VALUES(438,20110601,2787,50.0,30,NULL,'');
INSERT INTO export VALUES(439,20110601,1406,50.0,31,NULL,'');
INSERT INTO export VALUES(440,20110601,1456,50.0,32,NULL,'');
INSERT INTO export VALUES(441,20110601,5723,50.0,33,NULL,'');
INSERT INTO export VALUES(442,20110601,1106747,50.0,34,NULL,'');
INSERT INTO export VALUES(443,20110601,4953,50.0,35,NULL,'');
INSERT INTO export VALUES(444,20110601,2569,50.0,36,NULL,'');
INSERT INTO export VALUES(445,20110601,1152,50.0,37,NULL,'');
INSERT INTO export VALUES(446,20110601,744,50.0,38,NULL,'');
INSERT INTO export VALUES(447,20110601,7320,50.0,39,NULL,'');
INSERT INTO export VALUES(448,20110601,7703,50.0,40,NULL,'');
INSERT INTO export VALUES(449,20110601,3269,50.0,41,NULL,'');
INSERT INTO export VALUES(450,20110601,2545,50.0,42,NULL,'');
INSERT INTO export VALUES(451,20110601,4822,50.0,43,NULL,'');
INSERT INTO export VALUES(452,20110601,1897,50.0,44,NULL,'');
INSERT INTO export VALUES(453,20110601,2437,50.0,45,NULL,'');
INSERT INTO export VALUES(454,20110601,2739,50.0,46,NULL,'');
INSERT INTO export VALUES(455,20110601,2306,50.0,47,NULL,'');
INSERT INTO export VALUES(456,20110601,2268,50.0,48,NULL,'');
INSERT INTO export VALUES(457,20110601,2220,50.0,49,NULL,'');
INSERT INTO export VALUES(458,20110601,688,50.0,50,NULL,'');
INSERT INTO export VALUES(459,20110601,556,50.0,51,NULL,'');
INSERT INTO export VALUES(460,20110601,612,50.0,52,NULL,'');
INSERT INTO export VALUES(461,20110601,1743,50.0,53,NULL,'');
INSERT INTO export VALUES(462,20110601,1438,50.0,54,NULL,'');
INSERT INTO export VALUES(463,20110601,4443,50.0,55,NULL,'');
INSERT INTO export VALUES(464,20110601,6103,50.0,56,NULL,'');
INSERT INTO export VALUES(465,20110601,57991466,50.0,67,NULL,'');
INSERT INTO export VALUES(466,20110601,131791,50.0,68,NULL,'');
INSERT INTO export VALUES(467,20110601,6853,50.0,59,NULL,'');
INSERT INTO export VALUES(468,20110601,1122,50.0,60,NULL,'');
INSERT INTO export VALUES(469,20110601,4366,50.0,61,NULL,'');
INSERT INTO export VALUES(470,20110601,5035,50.0,62,NULL,'');
INSERT INTO export VALUES(471,20110601,2535,50.0,63,NULL,'');
INSERT INTO export VALUES(472,20110601,1916,50.0,64,NULL,'');
INSERT INTO export VALUES(473,20110601,1305,50.0,65,NULL,'');
INSERT INTO export VALUES(474,20110601,83905211,50.0,66,NULL,'');
INSERT INTO export VALUES(475,20110601,1517,50.0,58,NULL,'');
INSERT INTO export VALUES(476,20110601,0,0.0,57,NULL,'');
INSERT INTO export VALUES(477,20120601,0,0.0,1,NULL,'');
INSERT INTO export VALUES(478,20120601,1531,50.0,2,NULL,'');
INSERT INTO export VALUES(479,20120601,0,0.0,3,NULL,'');
INSERT INTO export VALUES(480,20120601,3557,50.0,4,NULL,'');
INSERT INTO export VALUES(481,20120601,1111,50.0,5,NULL,'');
INSERT INTO export VALUES(482,20120601,0,0.0,6,NULL,'');
INSERT INTO export VALUES(483,20120601,1192,50.0,7,NULL,'');
INSERT INTO export VALUES(484,20120601,548,50.0,8,NULL,'');
INSERT INTO export VALUES(485,20120601,1110,50.0,9,NULL,'');
INSERT INTO export VALUES(486,20120601,3489,50.0,10,NULL,'');
INSERT INTO export VALUES(487,20120601,6309,50.0,11,NULL,'');
INSERT INTO export VALUES(488,20120601,1193,50.0,12,NULL,'');
INSERT INTO export VALUES(489,20120601,6997,50.0,13,NULL,'');
INSERT INTO export VALUES(490,20120601,5872,50.0,14,NULL,'');
INSERT INTO export VALUES(491,20120601,209,50.0,15,NULL,'');
INSERT INTO export VALUES(492,20120601,2512,50.0,16,NULL,'');
INSERT INTO export VALUES(493,20120601,4190,50.0,17,NULL,'');
INSERT INTO export VALUES(494,20120601,7455,50.0,18,NULL,'');
INSERT INTO export VALUES(495,20120601,1661,50.0,19,NULL,'');
INSERT INTO export VALUES(496,20120601,3721,50.0,20,NULL,'');
INSERT INTO export VALUES(497,20120601,1269,50.0,21,NULL,'');
INSERT INTO export VALUES(498,20120601,738,50.0,22,NULL,'');
INSERT INTO export VALUES(499,20120601,4084,50.0,23,NULL,'');
INSERT INTO export VALUES(500,20120601,5811,50.0,24,NULL,'');
INSERT INTO export VALUES(501,20120601,0,0.0,25,NULL,'');
INSERT INTO export VALUES(502,20120601,5057,50.0,26,NULL,'');
INSERT INTO export VALUES(503,20120601,1782,50.0,27,NULL,'');
INSERT INTO export VALUES(504,20120601,1026,50.0,28,NULL,'');
INSERT INTO export VALUES(505,20120601,5174,50.0,29,NULL,'');
INSERT INTO export VALUES(506,20120601,3102,50.0,30,NULL,'');
INSERT INTO export VALUES(507,20120601,1613,50.0,31,NULL,'');
INSERT INTO export VALUES(508,20120601,1707,50.0,32,NULL,'');
INSERT INTO export VALUES(509,20120601,5558,50.0,33,NULL,'');
INSERT INTO export VALUES(510,20120601,1124,50.0,34,NULL,'');
INSERT INTO export VALUES(511,20120601,5063,50.0,35,NULL,'');
INSERT INTO export VALUES(512,20120601,2623,50.0,36,NULL,'');
INSERT INTO export VALUES(513,20120601,1233,50.0,37,NULL,'');
INSERT INTO export VALUES(514,20120601,759,50.0,38,NULL,'');
INSERT INTO export VALUES(515,20120601,0,0.0,39,NULL,'');
INSERT INTO export VALUES(516,20120601,8101,50.0,40,NULL,'');
INSERT INTO export VALUES(517,20120601,3096,50.0,41,NULL,'');
INSERT INTO export VALUES(518,20120601,0,0.0,42,NULL,'');
INSERT INTO export VALUES(519,20120601,4925,50.0,43,NULL,'');
INSERT INTO export VALUES(520,20120601,2081,50.0,44,NULL,'');
INSERT INTO export VALUES(521,20120601,2537,50.0,45,NULL,'');
INSERT INTO export VALUES(522,20120601,1079,50.0,46,NULL,'');
INSERT INTO export VALUES(523,20120601,0,0.0,47,NULL,'');
INSERT INTO export VALUES(524,20120601,2354,50.0,48,NULL,'');
INSERT INTO export VALUES(525,20120601,2320,50.0,49,NULL,'');
INSERT INTO export VALUES(526,20120601,752,50.0,50,NULL,'');
INSERT INTO export VALUES(527,20120601,586,50.0,51,NULL,'');
INSERT INTO export VALUES(528,20120601,653,50.0,52,NULL,'');
INSERT INTO export VALUES(529,20120601,1952,50.0,53,NULL,'');
INSERT INTO export VALUES(530,20120601,1383,50.0,54,NULL,'');
INSERT INTO export VALUES(531,20120601,4339,50.0,55,NULL,'');
INSERT INTO export VALUES(532,20120601,7018,50.0,56,NULL,'');
INSERT INTO export VALUES(533,20120601,995094,50.0,67,NULL,'');
INSERT INTO export VALUES(534,20120601,11590908,50.0,68,NULL,'');
INSERT INTO export VALUES(535,20120601,7279,50.0,59,NULL,'');
INSERT INTO export VALUES(536,20120601,1139,50.0,60,NULL,'');
INSERT INTO export VALUES(537,20120601,4460,50.0,61,NULL,'');
INSERT INTO export VALUES(538,20120601,5232,50.0,62,NULL,'');
INSERT INTO export VALUES(539,20120601,2606,50.0,63,NULL,'');
INSERT INTO export VALUES(540,20120601,135,50.0,64,NULL,'');
INSERT INTO export VALUES(541,20120601,68738,50.0,65,NULL,'');
INSERT INTO export VALUES(542,20120601,7138,50.0,66,NULL,'');
INSERT INTO export VALUES(543,20120601,580938,50.0,58,NULL,'');
INSERT INTO export VALUES(544,20120601,0,0.0,57,NULL,'');
INSERT INTO export VALUES(545,20130822,4484,100.0,1,NULL,'');
INSERT INTO export VALUES(546,20130000,0,0.0,2,NULL,'');
INSERT INTO export VALUES(547,20131022,2675,100.0,3,NULL,'');
INSERT INTO export VALUES(548,20130914,3862,50.0,4,NULL,'');
INSERT INTO export VALUES(549,20130914,1000,50.0,5,NULL,'');
INSERT INTO export VALUES(550,20130000,0,0.0,6,NULL,'');
INSERT INTO export VALUES(551,20131022,1278,50.0,7,NULL,'');
INSERT INTO export VALUES(552,20130914,575,50.0,8,NULL,'');
INSERT INTO export VALUES(553,20130822,1238,50.0,9,NULL,'');
INSERT INTO export VALUES(554,20130914,3646,50.0,10,NULL,'');
INSERT INTO export VALUES(555,20130914,6700,50.0,11,NULL,'');
INSERT INTO export VALUES(556,20130822,1404,50.0,12,NULL,'');
INSERT INTO export VALUES(557,20130914,7257,50.0,13,NULL,'');
INSERT INTO export VALUES(558,20130822,5921,50.0,14,NULL,'');
INSERT INTO export VALUES(559,20130000,0,0.0,15,NULL,'');
INSERT INTO export VALUES(560,20130822,2614,50.0,16,NULL,'');
INSERT INTO export VALUES(561,20130822,4223,50.0,17,NULL,'');
INSERT INTO export VALUES(562,20130822,7561,50.0,18,NULL,'');
INSERT INTO export VALUES(563,20130914,1787,50.0,19,NULL,'');
INSERT INTO export VALUES(564,20130822,3990,50.0,20,NULL,'');
INSERT INTO export VALUES(565,20130826,106,50.0,21,NULL,'');
INSERT INTO export VALUES(566,20130826,775,50.0,22,NULL,'');
INSERT INTO export VALUES(567,20130914,4167,50.0,23,NULL,'');
INSERT INTO export VALUES(568,20130914,6113,50.0,24,NULL,'');
INSERT INTO export VALUES(569,20130000,0,0.0,25,NULL,'');
INSERT INTO export VALUES(570,20130914,5729,50.0,26,NULL,'');
INSERT INTO export VALUES(571,20130826,1921,50.0,27,NULL,'');
INSERT INTO export VALUES(572,20130826,1204,50.0,28,NULL,'');
INSERT INTO export VALUES(573,20130000,0,0.0,29,NULL,'');
INSERT INTO export VALUES(574,20130826,3428,50.0,30,NULL,'');
INSERT INTO export VALUES(575,20130822,1447,50.0,31,NULL,'');
INSERT INTO export VALUES(576,20130822,1957,50.0,32,NULL,'');
INSERT INTO export VALUES(577,20131007,5488,50.0,33,NULL,'');
INSERT INTO export VALUES(578,20130826,1091,50.0,34,NULL,'');
INSERT INTO export VALUES(579,20130822,5187,50.0,35,NULL,'');
INSERT INTO export VALUES(580,20130826,2574,50.0,36,NULL,'');
INSERT INTO export VALUES(581,20130914,1558,50.0,37,NULL,'');
INSERT INTO export VALUES(582,20130826,772,50.0,38,NULL,'');
INSERT INTO export VALUES(583,20130000,0,0.0,39,NULL,'');
INSERT INTO export VALUES(584,20130822,8696,50.0,40,NULL,'');
INSERT INTO export VALUES(585,20130000,0,0.0,41,NULL,'');
INSERT INTO export VALUES(586,20131025,2847,50.0,42,NULL,'');
INSERT INTO export VALUES(587,20130914,5030,50.0,43,NULL,'');
INSERT INTO export VALUES(588,20130826,2290,50.0,44,NULL,'');
INSERT INTO export VALUES(589,20130914,1,50.0,45,NULL,'');
INSERT INTO export VALUES(590,20130604,11735148,50.0,46,NULL,'');
INSERT INTO export VALUES(591,20130822,2890,100.0,47,NULL,'');
INSERT INTO export VALUES(592,20130914,2415,50.0,48,NULL,'');
INSERT INTO export VALUES(593,20130822,2412,50.0,49,NULL,'');
INSERT INTO export VALUES(594,20130822,830,50.0,50,NULL,'');
INSERT INTO export VALUES(595,20131007,620,50.0,51,NULL,'');
INSERT INTO export VALUES(596,20130000,0,0.0,52,NULL,'');
INSERT INTO export VALUES(597,20130822,2181,50.0,53,NULL,'');
INSERT INTO export VALUES(598,20131007,1364,50.0,54,NULL,'');
INSERT INTO export VALUES(599,20130822,4522,50.0,55,NULL,'');
INSERT INTO export VALUES(600,20130914,7028,50.0,56,NULL,'');
INSERT INTO export VALUES(601,20130822,913,50.0,67,NULL,'');
INSERT INTO export VALUES(602,20130826,6002,50.0,68,NULL,'');
INSERT INTO export VALUES(603,20130822,7757,50.0,59,NULL,'');
INSERT INTO export VALUES(604,20130914,1158,50.0,60,NULL,'');
INSERT INTO export VALUES(605,20130822,4559,50.0,61,NULL,'');
INSERT INTO export VALUES(606,20130822,5471,50.0,62,NULL,'');
INSERT INTO export VALUES(607,20131113,2685,50.0,63,NULL,'');
INSERT INTO export VALUES(608,20130914,297,50.0,64,NULL,'');
INSERT INTO export VALUES(609,20130826,399,50.0,65,NULL,'');
INSERT INTO export VALUES(610,20130914,7341,50.0,66,NULL,'');
INSERT INTO export VALUES(611,20130000,0,0.0,58,NULL,'');
INSERT INTO export VALUES(612,20130000,0,0.0,57,NULL,'');
INSERT INTO export VALUES(613,20140214,7837,100.0,39,NULL,'');
CREATE TABLE category (
    id INTEGER NOT NULL,
    name TEXT,
    note TEXT,
    PRIMARY KEY(id)
);
INSERT INTO category VALUES(1,'income','');
INSERT INTO category VALUES(2,'mowing','');
INSERT INTO category VALUES(3,'maintenance','');
INSERT INTO category VALUES(4,'insurance','');
INSERT INTO category VALUES(5,'postage','');
INSERT INTO category VALUES(6,'state_fee','');
INSERT INTO category VALUES(7,'bank_charge','');
INSERT INTO category VALUES(8,'ret_chk_fee','');
INSERT INTO category VALUES(9,'supplies','');
CREATE TABLE expense(   -- expense table
	id INTEGER NOT NULL,
	date INTEGER,
    ck_no INTEGER,
    payee TEXT,
	amount REAL,        -- Amount of expense, SQLite floating point
    fk_cat_id INTEGER REFERENCES category(id),
	note TEXT,
	PRIMARY KEY(id)
	);
INSERT INTO expense VALUES(1,20040211,1085,'State Farm',887.0,4,'Insurance');
INSERT INTO expense VALUES(2,20040406,1086,'Postmaster',40.44,5,'Postmaster');
INSERT INTO expense VALUES(3,20040627,1087,'Kluesner Enterprises',700.0,3,'Maintenance');
INSERT INTO expense VALUES(4,20040816,1088,'Roger Yoakum',315.0,2,'Mowing (from register)');
INSERT INTO expense VALUES(5,20040831,1089,'Kluesner Enterprises',280.0,2,'Mowing');
INSERT INTO expense VALUES(6,20040925,1090,'Kluesner Enterprises',140.0,2,'Mowing (from register)');
INSERT INTO expense VALUES(7,20041106,1091,'Kluesner Enterprises',140.0,2,'Mowing');
INSERT INTO expense VALUES(8,20050307,1092,'Postmaster',78.0,5,'Post Office Box');
INSERT INTO expense VALUES(9,20050411,1093,'State Farm',887.0,4,'Insurance');
INSERT INTO expense VALUES(10,20050427,1094,'Postmaster',27.75,5,'Postage for fee letters');
INSERT INTO expense VALUES(11,20050508,1095,'Kluesner Enterprises',140.0,2,'Mowing');
INSERT INTO expense VALUES(12,20050516,1096,'Director Of Revenue',45.0,6,'Reinstatement fee');
INSERT INTO expense VALUES(13,20050521,1097,'Kluesner Enterprises',200.0,2,'Mowing');
INSERT INTO expense VALUES(14,20050613,1098,'Kluesner Enterprises',200.0,2,'Mowing');
INSERT INTO expense VALUES(15,20050807,1099,'Heath Clips Lawn Care',340.0,2,'Mowing');
INSERT INTO expense VALUES(16,20050830,1100,'Steven Gomez',10.0,6,'State fees');
INSERT INTO expense VALUES(17,20051003,1101,'Heath Clips Lawn Care',340.0,2,'Mowing');
INSERT INTO expense VALUES(18,20051105,1102,'Heath Clips Lawn Care',280.0,2,'Mowing');
INSERT INTO expense VALUES(19,20060219,1103,'Postmaster',80.0,5,'Post Office Box');
INSERT INTO expense VALUES(20,20060219,1104,'State Farm',887.0,4,'Insurance');
INSERT INTO expense VALUES(21,20060524,1105,'Heath Clips Lawn Care',140.0,2,'Mowing Fees');
INSERT INTO expense VALUES(22,20060526,1106,'Postmaster',31.58,5,'Postage');
INSERT INTO expense VALUES(23,20060617,1107,'Heath Clips Lawn Care',200.0,2,'Mowing Fees');
INSERT INTO expense VALUES(24,20060630,1108,'Heath Clips Lawn Care',140.0,2,'Mowing Fees');
INSERT INTO expense VALUES(25,20060729,1109,'Director Of Revenue',15.0,6,'State Registration Fees');
INSERT INTO expense VALUES(26,20060914,1110,'Heath Clips Lawn Care',360.0,2,'Mowing Fees');
INSERT INTO expense VALUES(27,20061109,1111,'Heath Clips Lawn Care',140.0,2,'Mowing Fees');
INSERT INTO expense VALUES(28,20061201,1112,'Heath Clips Lawn Care',200.0,2,'Mowing Fees');
INSERT INTO expense VALUES(29,20070315,1113,'Postmaster',80.0,5,'PO Box fee');
INSERT INTO expense VALUES(30,20070317,1114,'State Farm',887.0,4,'Insurance');
INSERT INTO expense VALUES(31,20070602,1115,'Heath Clips Lawn Care',140.0,2,'Invoice 250032');
INSERT INTO expense VALUES(32,20070614,1116,'Postmaster',41.26,5,'Postage');
INSERT INTO expense VALUES(33,20070624,1117,'Heath Clips Lawn Care',340.0,2,'Invoice 144367');
INSERT INTO expense VALUES(34,20070715,1118,'Heath Clips Lawn Care',140.0,2,'Invoice 306920');
INSERT INTO expense VALUES(35,20070808,1119,'Postmaster',10.42,5,'Registered letters (Arle, Prater)');
INSERT INTO expense VALUES(36,20070824,1120,'Heath Clips Lawn Care',340.0,2,'Invoice # 48159');
INSERT INTO expense VALUES(37,20040607,1122,'Lawn Care Unlimited',300.0,2,'Mowing');
INSERT INTO expense VALUES(38,20040611,1123,'Kluesner Enterprises',700.0,3,'Maintenance');
INSERT INTO expense VALUES(39,20070930,1124,'Heath Clips Lawn Care',140.0,2,'Invoice 387109');
INSERT INTO expense VALUES(40,20071001,1125,'Postmaster',5.77,5,'Registered letter (Arle)');
INSERT INTO expense VALUES(41,20071113,1126,'Heath Clips Lawn Care',200.0,2,'Invoice 387090');
INSERT INTO expense VALUES(42,20071113,1127,'Heath Clips Lawn Care',140.0,2,'Invoice 714682');
INSERT INTO expense VALUES(43,20071113,1128,'Steven Gomez',15.0,6,'State Fees');
INSERT INTO expense VALUES(44,20071220,1129,'Heath Clips Lawn Care',200.0,2,'Invoice 715172');
INSERT INTO expense VALUES(45,20080226,1130,'Postmaster',92.0,5,'PO Box Renewal');
INSERT INTO expense VALUES(46,20080227,1131,'State Farm',887.0,4,'Liability Insurance');
INSERT INTO expense VALUES(47,20080530,1132,'Heath Clips Lawn Care',300.0,2,'Invoice # 169');
INSERT INTO expense VALUES(48,20080622,1133,'Heath Clips Lawn Care',140.0,2,'Invoice # 368');
INSERT INTO expense VALUES(49,20080815,1134,'Heath Clips Lawn Care',290.0,2,'Invoice # 483');
INSERT INTO expense VALUES(50,20080815,1135,'Heath Clips Lawn Care',210.0,2,'Invoice # 635');
INSERT INTO expense VALUES(51,20080919,1136,'Heath Clips Lawn Care',280.0,2,'Invoice # 662');
INSERT INTO expense VALUES(52,20081022,1137,'Heath Clips Lawn Care',140.0,2,'Invoice # 909');
INSERT INTO expense VALUES(53,20081208,1138,'Heath Clips Lawn Care',140.0,2,'Invoice # 1033');
INSERT INTO expense VALUES(54,20081027,1139,'Steven Gomez',15.0,6,'State fees');
INSERT INTO expense VALUES(55,20090209,1140,'Postmaster',94.0,5,'PO Box Fee');
INSERT INTO expense VALUES(56,20090411,1141,'State Farm',713.0,4,'Liability Insurance');
INSERT INTO expense VALUES(57,20090501,1142,'Void',0.0,3,'Check withdrawn');
INSERT INTO expense VALUES(58,20090504,1143,'Ron Erb',585.0,3,'Tree Removal');
INSERT INTO expense VALUES(59,20090504,1144,'Ron Erb',90.0,2,'Mowing');
INSERT INTO expense VALUES(60,20090515,1145,'Postmaster',6.15,5,'Registered letter (lot # 7)');
INSERT INTO expense VALUES(61,20090603,1146,'Ron Erb',180.0,2,'Mowing');
INSERT INTO expense VALUES(62,20090610,1147,'Heath Clips Lawn Care',140.0,2,'Invoice 1433');
INSERT INTO expense VALUES(63,20090619,1148,'Postmaster',35.2,5,'First Fee Letter');
INSERT INTO expense VALUES(64,20090705,1149,'Ron Erb',90.0,2,'Mowing June 25, 2009');
INSERT INTO expense VALUES(65,20090705,1150,'Heath Clips Lawn Care',140.0,2,'Invoice 1522');
INSERT INTO expense VALUES(66,20090810,1151,'Ron Erb',90.0,2,'Mowing July 6, 2009');
INSERT INTO expense VALUES(67,20090810,1152,'Ron Erb',90.0,2,'Mowing July 21, 2009');
INSERT INTO expense VALUES(68,20090810,1153,'Ron Erb',90.0,2,'Mowing July 23, 2009');
INSERT INTO expense VALUES(69,20090918,1154,'Ron Erb',90.0,2,'Mowing July 7, 2009');
INSERT INTO expense VALUES(70,20090918,1155,'Ron Erb',90.0,2,'Mowing Aug 13, 2009');
INSERT INTO expense VALUES(71,20091001,1156,'Ron Erb',90.0,2,'Mowing (Sept 4)');
INSERT INTO expense VALUES(72,20091001,1157,'Void',0.0,3,'Duplicate payment');
INSERT INTO expense VALUES(73,20091001,1158,'Steven Gomez',15.0,6,'State Filing Fee');
INSERT INTO expense VALUES(74,20091031,1159,'Ron Erb',90.0,2,'Mowing (Oct 1)');
INSERT INTO expense VALUES(75,20091031,1160,'Ron Erb',90.0,2,'Mowing (Oct 19)');
INSERT INTO expense VALUES(76,20091218,1169,'Ron Erb',1200.0,3,'Tree Removal');
INSERT INTO expense VALUES(77,20100220,1170,'Postmaster',96.0,5,'PO Box renewal fee');
INSERT INTO expense VALUES(78,20100312,1171,'State Farm',713.0,4,'Liability insurance');
INSERT INTO expense VALUES(79,20100312,1172,'Ron Erb',1030.0,3,'City compliance project');
INSERT INTO expense VALUES(80,20100416,1173,'Postmaster',26.4,5,'First fee letter');
INSERT INTO expense VALUES(81,20100519,1174,'Ron Erb',90.0,2,'Mowing, April 19, 2010');
INSERT INTO expense VALUES(82,20100519,1175,'Ron Erb',90.0,2,'Mowing, May 11, 2010');
INSERT INTO expense VALUES(83,20100608,1176,'Postmaster',5.54,5,'Certified letter to Ron Erb');
INSERT INTO expense VALUES(84,20100703,1177,'Steven Gomez',43.37,3,'Hip waders for trenching');
INSERT INTO expense VALUES(85,20100703,1178,'Ron Erb',270.0,2,'Mowing, May 25 & June 8');
INSERT INTO expense VALUES(86,20100713,1179,'Selective Lawn',513.39,3,'Basin cleanup & mowing');
INSERT INTO expense VALUES(87,20100809,1180,'Darla Yoakum',100.0,2,'Basin mowing');
INSERT INTO expense VALUES(88,20100810,1181,'Void',0.0,9,'OfficeMax supplies');
INSERT INTO expense VALUES(89,20100810,1182,'Void',0.0,9,'OfficeMax denied check');
INSERT INTO expense VALUES(90,20100903,1183,'Steven Gomez',71.93,9,'Envelopes & paper');
INSERT INTO expense VALUES(91,20100903,1184,'Darla Yoakum',100.0,2,'Basin mowing');
INSERT INTO expense VALUES(92,20101001,1185,'Darla Yoakum',100.0,2,'Basin mowing');
INSERT INTO expense VALUES(93,20101112,1186,'Hansens Tree Service',425.0,3,'Stump grinding');
INSERT INTO expense VALUES(94,20101112,1187,'Steven Gomez',25.0,6,'State fees');
INSERT INTO expense VALUES(95,20110220,1188,'Postmaster',96.0,5,'PO Box renewal fee');
INSERT INTO expense VALUES(96,20110404,1189,'State Farm',765.0,4,'Liability Insurance');
INSERT INTO expense VALUES(97,20110505,1190,'Darla Yoakum',400.0,3,'Prep for stump removal');
INSERT INTO expense VALUES(98,20110505,1191,'Postmaster',26.4,5,'First fee mailing');
INSERT INTO expense VALUES(99,20110618,1192,'Darla Yoakum',200.0,2,'April & May Mowing');
INSERT INTO expense VALUES(100,20110705,1193,'Darla Yoakum',187.55,2,'June mowing & weed killer');
INSERT INTO expense VALUES(101,20110821,1194,'Void',0.0,3,'Incorrectly approved');
INSERT INTO expense VALUES(102,20110821,1195,'Ron Erb',650.0,3,'');
INSERT INTO expense VALUES(103,20110821,1196,'Darla Yoakum',100.0,2,'July mowing');
INSERT INTO expense VALUES(104,20111028,1197,'Darla Yoakum',100.0,2,'September mowing');
INSERT INTO expense VALUES(105,20120504,1199,'Darla Yoakum',100.0,2,'March mowing');
INSERT INTO expense VALUES(106,20120525,1200,'Darla Yoakum',100.0,2,'April mowing');
INSERT INTO expense VALUES(107,20120410,1201,'State Farm',765.0,4,'Liability insurance');
INSERT INTO expense VALUES(108,20120604,1202,'Postmaster',27.0,5,'Postage');
INSERT INTO expense VALUES(109,20120701,1203,'Void',0.0,3,'Void (Incorrect amount)');
INSERT INTO expense VALUES(110,20120701,1204,'Darla Yoakum',48.1,3,'Basin Maintenance Supplies');
INSERT INTO expense VALUES(111,20120825,1205,'Darla Yoakum',200.0,2,'June & July mowing');
INSERT INTO expense VALUES(112,20121005,1206,'Darla Yoakum',100.0,2,'August mowing');
INSERT INTO expense VALUES(113,20121108,1207,'Darla Yoakum',100.0,2,'September mowing');
INSERT INTO expense VALUES(114,20121122,1208,'Steven Gomez',15.0,6,'State Fees');
INSERT INTO expense VALUES(115,20121217,1209,'Darla Yoakum',100.0,2,'November mowing');
INSERT INTO expense VALUES(116,20130110,1210,'Roger Yoakum',100.0,2,'Missed mow payment from last year');
INSERT INTO expense VALUES(117,20130125,1211,'Postmaster',124.0,5,'PO Box fee for 2013');
INSERT INTO expense VALUES(118,20130402,1212,'State Farm',810.0,4,'Liability Insurance');
INSERT INTO expense VALUES(119,20130603,1213,'Roger Yoakum',100.0,2,'4/20/2013 Mowing');
INSERT INTO expense VALUES(120,20130720,1214,'Roger Yoakum',100.0,2,'May mowing & spray');
INSERT INTO expense VALUES(121,20130720,1215,'Roger Yoakum',100.0,2,'June mowing');
INSERT INTO expense VALUES(122,20130808,1216,'Postmaster',29.9,5,'Fee mailing postage');
INSERT INTO expense VALUES(123,20130914,1217,'Roger Yoakum',100.0,2,'July Mowing');
INSERT INTO expense VALUES(124,20130914,1218,'Roger Yoakum',100.0,2,'August Mowing');
INSERT INTO expense VALUES(125,20131206,1220,'Roger Yoakum',100.0,2,'October mowing');
INSERT INTO expense VALUES(126,20140224,1221,'Postmaster',128.0,5,'Post Office Box');
INSERT INTO expense VALUES(127,20140313,1223,'Steven Gomez',15.0,6,'State Fees (for 2013)');
INSERT INTO expense VALUES(128,20140404,1222,'State Farm',924.0,4,'Liability Insurance');
INSERT INTO expense VALUES(129,20140525,1224,'Darla Yoakum',100.0,2,'Mowing (April 16, 2014)');
INSERT INTO expense VALUES(130,20140627,1225,'Darla Yoakum',100.0,2,'Mowing (May 8, 2014)');
INSERT INTO expense VALUES(131,20120401,NULL,'Bank charge',3.0,7,'Returning Check Images Monthly Charge');
INSERT INTO expense VALUES(132,20130401,NULL,'Bank charge',3.0,7,'Returning Check Images Monthly Charge');
INSERT INTO expense VALUES(133,20040430,NULL,'Bank charge',17.0,7,'Bank Service Charge');
INSERT INTO expense VALUES(134,20120801,NULL,'Bank charge',3.0,7,'Returning Check Images Monthly Charge');
INSERT INTO expense VALUES(135,20130801,NULL,'Bank charge',3.0,7,'Returning Check Images Monthly Charge');
INSERT INTO expense VALUES(136,20100802,NULL,'Bank service charge',3.0,7,'');
INSERT INTO expense VALUES(137,20090821,NULL,'National City Bank',20.0,7,'New Checks');
INSERT INTO expense VALUES(138,20111201,NULL,'Bank charge',6.0,7,'Returning check images monthly charge');
INSERT INTO expense VALUES(139,20121201,NULL,'Bank charge',3.0,7,'Returning Check Images Monthly Charge');
INSERT INTO expense VALUES(140,20131202,NULL,'Bank charge',3.0,7,'');
INSERT INTO expense VALUES(141,20120201,NULL,'Bank charge',3.0,7,'Returning Check Images Monthly Charge');
INSERT INTO expense VALUES(142,20130201,NULL,'Bank charge',3.0,7,'Returning Check Images Monthly Charge');
INSERT INTO expense VALUES(143,20101219,NULL,'Deposit Item Returned',50.0,7,'Returned check Lot 29');
INSERT INTO expense VALUES(144,20101219,NULL,'Returned check fee',10.0,7,'For item above');
INSERT INTO expense VALUES(145,20120101,NULL,'Bank charge',3.0,7,'Returning Check Images Monthly Charge');
INSERT INTO expense VALUES(146,20130101,NULL,'Bank charge',3.0,7,'Returning Check Images Monthly Charge');
INSERT INTO expense VALUES(147,20130701,NULL,'Bank charge',3.0,7,'Returning Check Images Monthly Charge');
INSERT INTO expense VALUES(148,20120702,NULL,'Bank charge',3.0,7,'Returning Check Images Monthly Charge');
INSERT INTO expense VALUES(149,20040731,NULL,'Bank charge',1.5,7,'Bank Service Charge');
INSERT INTO expense VALUES(150,20040707,NULL,'Bank charge',40.0,7,'Chargeback Item');
INSERT INTO expense VALUES(151,20040707,NULL,'Bank charge',10.0,7,'Chargeback Fee');
INSERT INTO expense VALUES(152,20120601,NULL,'Bank charge',3.0,7,'Returning Check Images Monthly Charge');
INSERT INTO expense VALUES(153,20130601,NULL,'Bank charge',3.0,7,'Returning Check Images Monthly Charge');
INSERT INTO expense VALUES(154,20040630,NULL,'Bank charge',17.0,7,'Bank Service Charge');
INSERT INTO expense VALUES(155,20120301,NULL,'Bank charge',3.0,7,'Returning Check Images Monthly Charge');
INSERT INTO expense VALUES(156,20130301,NULL,'Bank charge',3.0,7,'Returning Check Images Monthly Charge');
INSERT INTO expense VALUES(157,20120321,NULL,'Postmaster',135.0,5,'PO Box fee');
INSERT INTO expense VALUES(158,20040431,NULL,'Bank charge',17.0,7,'Bank Service Charge');
INSERT INTO expense VALUES(159,20120501,NULL,'Bank charge',3.0,7,'Returning Check Images Monthly Charge');
INSERT INTO expense VALUES(160,20130501,NULL,'Bank charge',3.0,7,'Returning Check Images Monthly Charge');
INSERT INTO expense VALUES(161,20090527,NULL,'National Bank',2.5,7,'Check reproduction fee');
INSERT INTO expense VALUES(162,20040530,NULL,'Bank charge',17.0,7,'Bank Service Charge');
INSERT INTO expense VALUES(163,20111101,NULL,'Bank charge',3.0,7,'Returning check images monthly charge');
INSERT INTO expense VALUES(164,20121101,NULL,'Bank charge',3.0,7,'Returning Check Images Monthly Charge');
INSERT INTO expense VALUES(165,20131101,NULL,'Bank charge',3.0,7,'Returning Check Images Monthly Charge');
INSERT INTO expense VALUES(166,20121001,NULL,'Bank charge',3.0,7,'Returning Check Images Monthly Charge');
INSERT INTO expense VALUES(167,20131001,NULL,'Bank charge',3.0,7,'Returning Check Images Monthly Charge');
INSERT INTO expense VALUES(168,20131015,NULL,'Roger Yoakum',200.0,2,'9/5 & 9/26 Mowing & spray weeds');
INSERT INTO expense VALUES(169,20111003,NULL,'Bank charge',3.0,7,'Returning check images monthly charge');
INSERT INTO expense VALUES(170,20040901,NULL,'Bank charge',8.5,7,'Bank Service Charge');
INSERT INTO expense VALUES(171,20130901,NULL,'Bank charge',9.0,7,'Returning Check Images Monthly Charge');
INSERT INTO expense VALUES(172,20130925,NULL,'Adjustment (correction)',10.0,7,'Correction to deposit (transaction id 11)');
INSERT INTO expense VALUES(173,20120904,NULL,'Bank charge',3.0,7,'Returning Check Images Monthly Charge');
INSERT INTO expense VALUES(174,20140102,NULL,'Bank charge',3.0,7,'Returning Check Images Monthly Charge');
INSERT INTO expense VALUES(175,20140203,NULL,'Bank charge',3.0,7,'Returning Check Images Monthly Charge');
INSERT INTO expense VALUES(176,20140303,NULL,'Bank charge',3.0,7,'Returning Check Images Monthly Charge');
INSERT INTO expense VALUES(177,20140401,NULL,'Bank charge',3.0,7,'Returning Check Images Monthly Charge');
INSERT INTO expense VALUES(178,20140501,NULL,'Bank charge',3.0,7,'Returning Check Images Monthly Charge');
INSERT INTO expense VALUES(179,20140602,NULL,'Bank charge',3.0,7,'Returning Check Images Monthly Charge');
INSERT INTO expense VALUES(180,20140701,NULL,'Bank charge',3.0,7,'Returning Check Images Monthly Charge');
DELETE FROM sqlite_sequence;
INSERT INTO "sqlite_sequence" VALUES('lot',68);
CREATE TRIGGER test_trigger AFTER UPDATE OF is_current ON owner
BEGIN
UPDATE lot SET fk_curr_owner = new.id WHERE id = new.lot;
END;
CREATE VIEW amount_paid_per_lot_v AS
SELECT l.id AS Lot, l.address AS Address, o.last AS Last, o.first AS First, 
(SELECT SUM(amount) FROM fees WHERE fk_lot_id = l.id)
FROM lot l, owner o
WHERE o.lot = l.id AND o.is_current = 1
ORDER BY l.id;
CREATE VIEW owner_info_v AS
SELECT l.id AS Lot, l.address AS Address, o.last AS Last, o.first AS First
FROM lot l, owner o
WHERE o.lot = l.id AND o.is_current = 1
ORDER BY l.id;
CREATE VIEW owner_mailing_export_v AS
SELECT l.id AS Lot, o.is_current AS Curr, o.last AS Last, o.first AS First, o.address AS Owner_Add, o.city AS Owner_City, o.state AS O_St, o.zip AS O_Zip, l.address AS Lot_Add, o.phone AS Phone, o.email, o.buy_date,
(SELECT SUM(amount) FROM fees WHERE fk_lot_id = l.id) AS Total
FROM owner AS o, lot AS l
WHERE o.lot = l.id AND is_current = 1
ORDER BY Total DESC, l.id, buy_date;
COMMIT;
